2026.07.28,14:29,62195,62220,62190,62190,26
2026.07.28,14:30,62190,62195,62150,62175,51
2026.07.28,14:31,62180,62190,62170,62190,39
2026.07.28,14:32,62195,62195,62175,62175,37
2026.07.28,14:33,62180,62200,62170,62200,32
2026.07.28,14:34,62205,62205,62140,62145,47
2026.07.28,14:35,62150,62160,62140,62145,30
2026.07.28,14:36,62145,62295,62135,62240,57
2026.07.28,14:37,62240,62240,62185,62205,47
2026.07.28,14:38,62205,62230,62200,62215,43
2026.07.28,14:39,62215,62215,62130,62135,44
2026.07.28,14:40,62130,62130,62075,62090,45
2026.07.28,14:41,62095,62095,62065,62080,39
2026.07.28,14:42,62085,62085,62070,62075,28
2026.07.28,14:43,62080,62110,62075,62100,40
2026.07.28,14:44,62110,62160,62095,62155,50
2026.07.28,14:45,62155,62175,62140,62175,31
2026.07.28,14:46,62170,62210,62170,62200,39
2026.07.28,14:47,62195,62245,62190,62230,45
2026.07.28,14:48,62235,62255,62230,62250,42
2026.07.28,14:49,62245,62255,62225,62230,43
2026.07.28,14:50,62235,62250,62215,62235,41
2026.07.28,14:51,62240,62285,62235,62285,34
2026.07.28,14:52,62290,62295,62280,62285,28
2026.07.28,14:53,62280,62305,62275,62300,42
2026.07.28,14:54,62295,62330,62290,62320,40
2026.07.28,14:55,62325,62360,62325,62340,35
2026.07.28,14:56,62335,62360,62335,62350,33
2026.07.28,14:57,62355,62365,62350,62350,29
2026.07.28,14:58,62355,62425,62355,62420,44
2026.07.28,14:59,62425,62455,62425,62435,42
2026.07.28,15:00,62445,62485,62435,62480,61
2026.07.28,15:01,62475,62490,62460,62460,44
2026.07.28,15:02,62465,62485,62460,62485,44
2026.07.28,15:03,62480,62530,62460,62525,45
2026.07.28,15:04,62525,62590,62505,62575,49
2026.07.28,15:05,62575,62610,62565,62585,53
2026.07.28,15:06,62580,62615,62535,62540,58
2026.07.28,15:07,62540,62550,62515,62520,38
2026.07.28,15:08,62515,62520,62480,62480,56
2026.07.28,15:09,62480,62520,62480,62490,47
2026.07.28,15:10,62485,62495,62460,62480,46
2026.07.28,15:11,62485,62485,62465,62470,28
2026.07.28,15:12,62465,62490,62460,62475,30
2026.07.28,15:13,62470,62485,62455,62485,30
2026.07.28,15:14,62480,62505,62470,62485,29
2026.07.28,15:15,62490,62500,62440,62450,40
2026.07.28,15:16,62455,62455,62430,62455,34
2026.07.28,15:17,62460,62465,62445,62450,24
2026.07.28,15:18,62445,62470,62445,62460,35
2026.07.28,15:19,62455,62480,62445,62470,39
2026.07.28,15:20,62465,62470,62430,62445,43
2026.07.28,15:21,62450,62485,62450,62485,53
2026.07.28,15:22,62480,62490,62465,62465,38
2026.07.28,15:23,62460,62495,62450,62460,44
2026.07.28,15:24,62460,62510,62435,62505,52
2026.07.28,15:25,62500,62525,62475,62520,42
2026.07.28,15:26,62525,62530,62505,62510,45
2026.07.28,15:27,62505,62555,62505,62550,29
2026.07.28,15:28,62545,62545,62505,62505,34
2026.07.28,15:29,62500,62520,62495,62510,24
2026.07.28,15:30,62530,62575,62525,62555,30
2026.07.28,15:31,62560,62560,62475,62490,46
2026.07.28,15:32,62495,62530,62495,62520,30
2026.07.28,15:33,62530,62530,62485,62490,47
2026.07.28,15:34,62495,62505,62465,62470,53
2026.07.28,15:35,62465,62485,62455,62470,35
2026.07.28,15:36,62470,62530,62460,62500,58
2026.07.28,15:37,62500,62510,62450,62450,42
2026.07.28,15:38,62455,62475,62445,62445,35
2026.07.28,15:39,62440,62445,62425,62435,36
2026.07.28,15:40,62430,62485,62425,62435,64
2026.07.28,15:41,62430,62440,62420,62435,47
2026.07.28,15:42,62440,62510,62430,62495,50
2026.07.28,15:43,62495,62520,62490,62500,49
2026.07.28,15:44,62500,62535,62500,62515,56
2026.07.28,15:45,62520,62525,62505,62520,45
2026.07.28,15:46,62525,62570,62520,62540,60
2026.07.28,15:47,62545,62575,62535,62545,43
2026.07.28,15:48,62540,62545,62530,62530,28
2026.07.28,15:49,62535,62560,62520,62525,44
2026.07.28,15:50,62530,62540,62470,62470,42
2026.07.28,15:51,62470,62490,62455,62485,40
2026.07.28,15:52,62485,62505,62480,62505,43
2026.07.28,15:53,62500,62505,62480,62485,47
2026.07.28,15:54,62480,62565,62480,62550,51
2026.07.28,15:55,62550,62565,62540,62545,32
2026.07.28,15:56,62550,62550,62530,62530,21
2026.07.28,15:57,62525,62535,62515,62520,36
2026.07.28,15:58,62520,62520,62490,62495,29
2026.07.28,15:59,62490,62495,62490,62490,6
2026.07.28,16:00,62490,62500,62465,62465,38
2026.07.28,16:01,62465,62490,62460,62470,38
2026.07.28,16:02,62465,62485,62460,62465,56
2026.07.28,16:03,62470,62475,62440,62445,39
2026.07.28,16:04,62450,62450,62430,62430,41
2026.07.28,16:05,62435,62435,62415,62430,18
2026.07.28,16:06,62445,62490,62440,62480,37
2026.07.28,16:07,62485,62490,62475,62490,26
2026.07.28,16:08,62490,62520,62485,62510,37
2026.07.28,16:09,62515,62515,62500,62500,33
2026.07.28,16:10,62495,62500,62475,62480,30
2026.07.28,16:11,62485,62485,62445,62450,29
2026.07.28,16:12,62445,62465,62440,62440,32
2026.07.28,16:13,62440,62455,62440,62450,35
2026.07.28,16:14,62450,62450,62430,62430,30
2026.07.28,16:15,62435,62440,62415,62425,45
2026.07.28,16:16,62425,62430,62400,62420,43
2026.07.28,16:17,62420,62440,62415,62430,43
2026.07.28,16:18,62435,62475,62430,62465,44
2026.07.28,16:19,62470,62470,62420,62420,31
2026.07.28,16:20,62425,62465,62420,62455,36
2026.07.28,16:21,62450,62460,62420,62435,32
2026.07.28,16:22,62430,62440,62390,62390,45
2026.07.28,16:23,62395,62405,62375,62380,37
2026.07.28,16:24,62385,62395,62370,62395,20
2026.07.28,16:25,62395,62395,62355,62370,38
2026.07.28,16:26,62375,62375,62335,62350,41
2026.07.28,16:27,62355,62355,62310,62325,42
2026.07.28,16:28,62325,62335,62300,62330,47
2026.07.28,16:29,62330,62355,62330,62345,32
2026.07.28,16:30,62350,62440,62340,62380,112
2026.07.28,16:31,62380,62400,62315,62355,78
2026.07.28,16:32,62355,62355,62275,62325,51
2026.07.28,16:33,62335,62400,62335,62360,62
2026.07.28,16:34,62370,62375,62335,62335,65
2026.07.28,16:35,62330,62390,62325,62345,60
2026.07.28,16:36,62355,62385,62230,62240,53
2026.07.28,16:37,62240,62275,62205,62245,65
2026.07.28,16:38,62240,62245,62175,62185,48
2026.07.28,16:39,62180,62185,62150,62160,60
2026.07.28,16:40,62160,62240,62155,62210,57
2026.07.28,16:41,62205,62280,62200,62250,58
2026.07.28,16:42,62255,62260,62190,62195,43
2026.07.28,16:43,62200,62200,62140,62190,42
2026.07.28,16:44,62195,62275,62185,62230,68
2026.07.28,16:45,62230,62270,62165,62175,85
2026.07.28,16:46,62170,62180,62105,62145,78
2026.07.28,16:47,62140,62145,62045,62060,80
2026.07.28,16:48,62065,62235,62065,62235,105
2026.07.28,16:49,62230,62305,62225,62290,101
2026.07.28,16:50,62300,62370,62210,62210,117
2026.07.28,16:51,62220,62240,62165,62170,100
2026.07.28,16:52,62175,62295,62160,62240,110
2026.07.28,16:53,62230,62230,62105,62175,108
2026.07.28,16:54,62170,62215,62165,62170,104
2026.07.28,16:55,62170,62185,62135,62150,101
2026.07.28,16:56,62145,62205,62120,62205,103
2026.07.28,16:57,62205,62235,62140,62160,101
2026.07.28,16:58,62155,62160,62095,62100,55
2026.07.28,16:59,62090,62130,62080,62120,37
2026.07.28,17:00,62115,62215,62110,62200,99
2026.07.28,17:01,62195,62220,62100,62110,104
2026.07.28,17:02,62115,62195,62110,62150,105
2026.07.28,17:03,62160,62210,62130,62185,104
2026.07.28,17:04,62180,62215,62145,62170,103
2026.07.28,17:05,62170,62275,62155,62275,101
2026.07.28,17:06,62270,62295,62230,62295,97
2026.07.28,17:07,62290,62300,62185,62195,92
2026.07.28,17:08,62195,62200,62105,62160,89
2026.07.28,17:09,62165,62180,62140,62140,88
2026.07.28,17:10,62135,62225,62130,62175,93
2026.07.28,17:11,62180,62235,62175,62235,93
2026.07.28,17:12,62240,62250,62140,62140,88
2026.07.28,17:13,62135,62190,62115,62120,82
2026.07.28,17:14,62130,62130,62030,62065,84
2026.07.28,17:15,62080,62125,62045,62090,108
2026.07.28,17:16,62095,62100,61965,61970,85
2026.07.28,17:17,61980,62010,61955,61975,95
2026.07.28,17:18,61985,62020,61940,62000,93
2026.07.28,17:19,62000,62000,61945,61955,90
2026.07.28,17:20,61955,62000,61945,61945,92
2026.07.28,17:21,61950,62070,61905,62050,101
2026.07.28,17:22,62055,62085,61950,61980,113
2026.07.28,17:23,61980,62105,61975,62100,82
2026.07.28,17:24,62100,62180,62085,62090,88
2026.07.28,17:25,62090,62095,62045,62065,76
2026.07.28,17:26,62080,62145,62075,62130,67
2026.07.28,17:27,62145,62180,62130,62140,55
2026.07.28,17:28,62140,62185,62135,62170,54
2026.07.28,17:29,62175,62240,62155,62225,69
2026.07.28,17:30,62225,62250,62160,62160,75
2026.07.28,17:31,62160,62225,62160,62215,46
2026.07.28,17:32,62215,62245,62195,62210,56
2026.07.28,17:33,62210,62240,62185,62225,47
2026.07.28,17:34,62225,62255,62165,62165,51
2026.07.28,17:35,62160,62290,62160,62290,55
2026.07.28,17:36,62290,62375,62290,62335,61
2026.07.28,17:37,62335,62360,62300,62315,54
2026.07.28,17:38,62315,62355,62245,62245,54
2026.07.28,17:39,62255,62255,62210,62255,50
2026.07.28,17:40,62255,62305,62255,62305,34
2026.07.28,17:41,62305,62385,62305,62355,38
2026.07.28,17:42,62355,62365,62340,62355,39
2026.07.28,17:43,62355,62395,62355,62395,31
2026.07.28,17:44,62425,62435,62395,62395,40
2026.07.28,17:45,62405,62415,62325,62325,41
2026.07.28,17:46,62335,62380,62335,62365,32
2026.07.28,17:47,62365,62410,62365,62400,40
2026.07.28,17:48,62410,62475,62410,62470,47
2026.07.28,17:49,62470,62490,62455,62475,46
2026.07.28,17:50,62485,62530,62475,62490,60
2026.07.28,17:51,62490,62550,62480,62540,54
2026.07.28,17:52,62535,62555,62465,62475,57
2026.07.28,17:53,62475,62545,62475,62525,59
2026.07.28,17:54,62525,62525,62455,62455,66
2026.07.28,17:55,62460,62505,62435,62470,86
2026.07.28,17:56,62465,62475,62440,62470,52
2026.07.28,17:57,62470,62470,62390,62415,58
2026.07.28,17:58,62420,62425,62395,62405,50
2026.07.28,17:59,62405,62420,62390,62400,52
2026.07.28,18:00,62395,62460,62395,62455,85
2026.07.28,18:01,62455,62470,62425,62450,68
2026.07.28,18:02,62450,62465,62410,62430,74
2026.07.28,18:03,62425,62430,62380,62380,59
2026.07.28,18:04,62385,62395,62355,62365,61
2026.07.28,18:05,62360,62360,62310,62350,75
2026.07.28,18:06,62355,62410,62355,62365,63
2026.07.28,18:07,62375,62380,62345,62380,47
2026.07.28,18:08,62380,62405,62370,62390,59
2026.07.28,18:09,62390,62410,62375,62395,56
2026.07.28,18:10,62425,62540,62405,62410,106
2026.07.28,18:11,62410,62440,62375,62415,65
2026.07.28,18:12,62415,62550,62390,62515,105
2026.07.28,18:13,62510,62520,62455,62485,83
2026.07.28,18:14,62490,62530,62480,62485,83
2026.07.28,18:15,62490,62520,62465,62505,89
2026.07.28,18:16,62510,62565,62510,62520,87
2026.07.28,18:17,62525,62550,62495,62545,68
2026.07.28,18:18,62540,62625,62535,62610,86
2026.07.28,18:19,62610,62620,62585,62615,75
2026.07.28,18:20,62620,62735,62615,62700,80
2026.07.28,18:21,62695,62725,62685,62700,70
2026.07.28,18:22,62700,62720,62660,62670,70
2026.07.28,18:23,62675,62705,62670,62685,60
2026.07.28,18:24,62680,62710,62670,62710,62
2026.07.28,18:25,62710,62735,62705,62730,61
2026.07.28,18:26,62730,62780,62730,62755,68
2026.07.28,18:27,62750,62755,62695,62695,63
2026.07.28,18:28,62695,62705,62670,62685,61
2026.07.28,18:29,62695,62695,62665,62695,57
2026.07.28,18:30,62700,62750,62690,62700,72
2026.07.28,18:31,62700,62710,62685,62700,70
2026.07.28,18:32,62695,62720,62690,62705,65
2026.07.28,18:33,62710,62720,62690,62715,75
2026.07.28,18:34,62715,62730,62660,62660,62
2026.07.28,18:35,62670,62700,62655,62700,69
2026.07.28,18:36,62700,62725,62690,62710,63
2026.07.28,18:37,62705,62710,62680,62705,52
2026.07.28,18:38,62710,62730,62705,62720,50
2026.07.28,18:39,62720,62725,62695,62710,49
2026.07.28,18:40,62705,62710,62675,62700,68
2026.07.28,18:41,62700,62735,62695,62725,55
2026.07.28,18:42,62720,62735,62715,62715,36
2026.07.28,18:43,62710,62785,62705,62785,55
2026.07.28,18:44,62780,62800,62775,62795,43
2026.07.28,18:45,62790,62830,62790,62805,50
2026.07.28,18:46,62805,62830,62795,62825,49
2026.07.28,18:47,62830,62840,62810,62815,38
2026.07.28,18:48,62815,62835,62810,62835,45
2026.07.28,18:49,62845,62875,62830,62860,49
2026.07.28,18:50,62860,62860,62835,62850,39
2026.07.28,18:51,62850,62855,62830,62850,43
2026.07.28,18:52,62850,62850,62810,62840,38
2026.07.28,18:53,62860,62910,62850,62900,52
2026.07.28,18:54,62900,62950,62865,62945,42
2026.07.28,18:55,62945,62945,62880,62885,71
2026.07.28,18:56,62885,62930,62885,62925,59
2026.07.28,18:57,62925,62945,62920,62940,56
2026.07.28,18:58,62945,62960,62920,62925,63
2026.07.28,18:59,62925,62930,62900,62905,37
2026.07.28,19:00,62910,62950,62890,62940,56
2026.07.28,19:01,62945,62960,62910,62910,47
2026.07.28,19:02,62905,62935,62895,62895,37
2026.07.28,19:03,62895,62915,62880,62895,50
2026.07.28,19:04,62895,62895,62865,62885,50
2026.07.28,19:05,62890,62915,62880,62890,44
2026.07.28,19:06,62890,62890,62860,62880,57
2026.07.28,19:07,62880,62880,62825,62825,41
2026.07.28,19:08,62830,62830,62810,62815,40
2026.07.28,19:09,62820,62830,62810,62820,43
2026.07.28,19:10,62825,62835,62815,62825,41
2026.07.28,19:11,62830,62860,62830,62855,49
2026.07.28,19:12,62855,62855,62830,62840,40
2026.07.28,19:13,62845,62850,62800,62805,47
2026.07.28,19:14,62810,62810,62795,62805,42
2026.07.28,19:15,62810,62820,62775,62790,45
2026.07.28,19:16,62785,62790,62770,62775,39
2026.07.28,19:17,62770,62785,62765,62765,42
2026.07.28,19:18,62770,62785,62760,62770,46
2026.07.28,19:19,62775,62855,62775,62855,42
2026.07.28,19:20,62855,62880,62855,62860,44
2026.07.28,19:21,62855,62860,62835,62850,37
2026.07.28,19:22,62855,62860,62825,62830,32
2026.07.28,19:23,62825,62830,62805,62825,33
2026.07.28,19:24,62820,62840,62820,62840,27
2026.07.28,19:25,62845,62860,62835,62860,26
2026.07.28,19:26,62860,62870,62850,62850,29
2026.07.28,19:27,62855,62865,62820,62845,34
2026.07.28,19:28,62850,62855,62830,62830,29
2026.07.28,19:29,62835,62850,62830,62830,21
2026.07.28,19:30,62830,62830,62765,62765,31
2026.07.28,19:31,62755,62760,62750,62760,33
2026.07.28,19:32,62760,62795,62750,62795,43
2026.07.28,19:33,62795,62820,62780,62780,44
2026.07.28,19:34,62790,62815,62785,62785,25
2026.07.28,19:35,62790,62810,62775,62775,31
2026.07.28,19:36,62780,62785,62760,62770,26
2026.07.28,19:37,62770,62785,62770,62780,33
2026.07.28,19:38,62780,62835,62775,62825,36
2026.07.28,19:39,62820,62835,62805,62835,35
2026.07.28,19:40,62840,62850,62825,62830,36
2026.07.28,19:41,62835,62850,62830,62840,41
2026.07.28,19:42,62845,62850,62805,62805,34
2026.07.28,19:43,62810,62840,62810,62835,27
2026.07.28,19:44,62835,62845,62805,62840,47
2026.07.28,19:45,62835,62860,62820,62830,54
2026.07.28,19:46,62830,62835,62755,62755,47
2026.07.28,19:47,62760,62800,62760,62795,30
2026.07.28,19:48,62795,62800,62760,62770,41
2026.07.28,19:49,62765,62785,62765,62775,28
2026.07.28,19:50,62775,62820,62770,62820,31
2026.07.28,19:51,62825,62870,62825,62870,34
2026.07.28,19:52,62865,62875,62855,62860,31
2026.07.28,19:53,62855,62880,62855,62860,29
2026.07.28,19:54,62860,62875,62855,62855,20
2026.07.28,19:55,62855,62865,62850,62855,36
2026.07.28,19:56,62865,62875,62850,62870,36
2026.07.28,19:57,62865,62875,62845,62860,20
2026.07.28,19:58,62860,62860,62845,62845,17
2026.07.28,19:59,62850,62860,62840,62840,14
2026.07.28,20:00,62835,62865,62820,62845,34
2026.07.28,20:01,62840,62855,62840,62840,28
2026.07.28,20:02,62835,62845,62790,62795,49
2026.07.28,20:03,62790,62800,62765,62775,40
2026.07.28,20:04,62770,62775,62750,62755,29
2026.07.28,20:05,62755,62760,62740,62745,34
2026.07.28,20:06,62745,62775,62735,62770,49
2026.07.28,20:07,62765,62770,62750,62765,45
2026.07.28,20:08,62770,62770,62715,62715,34
2026.07.28,20:09,62710,62710,62675,62680,40
2026.07.28,20:10,62675,62685,62645,62680,52
2026.07.28,20:11,62685,62685,62660,62680,48
2026.07.28,20:12,62680,62705,62675,62680,37
2026.07.28,20:13,62680,62680,62635,62660,37
2026.07.28,20:14,62665,62665,62645,62645,17
2026.07.28,20:15,62650,62650,62645,62650,15
2026.07.28,20:16,62655,62665,62650,62665,8
2026.07.28,20:17,62660,62660,62630,62630,10
2026.07.28,20:18,62630,62645,62630,62645,5
2026.07.28,20:19,62650,62665,62635,62660,18
2026.07.28,20:20,62655,62790,62650,62765,54
2026.07.28,20:21,62760,62800,62710,62710,57
2026.07.28,20:22,62715,62715,62675,62695,40
2026.07.28,20:23,62690,62715,62685,62690,30
2026.07.28,20:24,62690,62690,62645,62645,29
2026.07.28,20:25,62645,62650,62635,62650,34
2026.07.28,20:26,62645,62650,62645,62650,20
2026.07.28,20:27,62665,62685,62665,62680,14
2026.07.28,20:28,62675,62685,62650,62650,16
2026.07.28,20:29,62675,62675,62640,62640,17
2026.07.28,20:30,62635,62640,62620,62640,21
2026.07.28,20:31,62640,62645,62625,62635,19
2026.07.28,20:32,62640,62650,62620,62645,17
2026.07.28,20:33,62640,62700,62640,62685,34
2026.07.28,20:34,62685,62705,62685,62690,13
2026.07.28,20:35,62695,62700,62675,62675,26
2026.07.28,20:36,62675,62680,62650,62650,24
2026.07.28,20:37,62645,62665,62645,62650,36
2026.07.28,20:38,62650,62665,62640,62655,43
2026.07.28,20:39,62660,62660,62625,62630,34
2026.07.28,20:40,62625,62645,62610,62630,24
2026.07.28,20:41,62630,62630,62615,62615,20
2026.07.28,20:42,62610,62615,62600,62605,28
2026.07.28,20:43,62605,62605,62560,62570,41
2026.07.28,20:44,62565,62570,62550,62555,37
2026.07.28,20:45,62550,62565,62525,62540,41
2026.07.28,20:46,62540,62550,62530,62540,29
2026.07.28,20:47,62540,62540,62515,62515,17
2026.07.28,20:48,62515,62565,62495,62560,34
2026.07.28,20:49,62560,62580,62550,62580,34
2026.07.28,20:50,62580,62580,62520,62535,34
2026.07.28,20:51,62530,62530,62505,62510,39
2026.07.28,20:52,62510,62520,62490,62490,35
2026.07.28,20:53,62490,62510,62490,62505,41
2026.07.28,20:54,62510,62510,62475,62480,54
2026.07.28,20:55,62485,62485,62455,62465,40
2026.07.28,20:56,62460,62490,62460,62490,34
2026.07.28,20:57,62495,62495,62480,62485,31
2026.07.28,20:58,62480,62500,62480,62500,35
2026.07.28,20:59,62505,62530,62505,62530,32
2026.07.28,21:00,62535,62590,62515,62570,58
2026.07.28,21:01,62570,62580,62535,62535,54
2026.07.28,21:02,62530,62565,62525,62545,49
2026.07.28,21:03,62545,62565,62540,62555,40
2026.07.28,21:04,62555,62565,62535,62560,52
2026.07.28,21:05,62565,62565,62535,62540,49
2026.07.28,21:06,62545,62555,62525,62530,45
2026.07.28,21:07,62535,62535,62500,62515,39
2026.07.28,21:08,62520,62525,62505,62510,41
2026.07.28,21:09,62505,62520,62505,62510,46
2026.07.28,21:10,62510,62515,62485,62495,43
2026.07.28,21:11,62490,62505,62465,62470,58
2026.07.28,21:12,62475,62495,62470,62485,58
2026.07.28,21:13,62490,62495,62455,62480,42
2026.07.28,21:14,62480,62480,62445,62445,38
2026.07.28,21:15,62450,62480,62440,62480,49
2026.07.28,21:16,62480,62485,62465,62485,37
2026.07.28,21:17,62490,62490,62440,62455,49
2026.07.28,21:18,62460,62475,62455,62460,34
2026.07.28,21:19,62460,62475,62445,62460,38
2026.07.28,21:20,62455,62480,62455,62480,38
2026.07.28,21:21,62485,62485,62445,62455,47
2026.07.28,21:22,62455,62475,62450,62475,40
2026.07.28,21:23,62480,62480,62430,62435,42
2026.07.28,21:24,62440,62450,62430,62430,37
2026.07.28,21:25,62430,62455,62420,62440,48
2026.07.28,21:26,62445,62450,62430,62435,48
2026.07.28,21:27,62430,62430,62415,62415,36
2026.07.28,21:28,62425,62435,62400,62410,56
2026.07.28,21:29,62415,62430,62415,62430,34
2026.07.28,21:30,62435,62465,62425,62460,63
2026.07.28,21:31,62455,62475,62450,62460,43
2026.07.28,21:32,62465,62475,62450,62455,45
2026.07.28,21:33,62460,62490,62455,62490,51
2026.07.28,21:34,62485,62500,62465,62470,46
2026.07.28,21:35,62465,62475,62455,62475,31
2026.07.28,21:36,62485,62485,62455,62465,45
2026.07.28,21:37,62470,62485,62465,62480,38
2026.07.28,21:38,62485,62500,62475,62490,50
2026.07.28,21:39,62490,62490,62445,62460,35
2026.07.28,21:40,62455,62460,62435,62445,52
2026.07.28,21:41,62450,62455,62435,62435,39
2026.07.28,21:42,62435,62445,62425,62430,39
2026.07.28,21:43,62435,62450,62430,62445,32
2026.07.28,21:44,62450,62460,62435,62445,33
2026.07.28,21:45,62450,62475,62435,62470,49
2026.07.28,21:46,62475,62510,62465,62510,40
2026.07.28,21:47,62515,62525,62495,62495,42
2026.07.28,21:48,62495,62495,62465,62465,33
2026.07.28,21:49,62465,62485,62460,62470,31
2026.07.28,21:50,62475,62495,62470,62490,38
2026.07.28,21:51,62495,62515,62490,62490,39
2026.07.28,21:52,62495,62500,62445,62450,35
2026.07.28,21:53,62450,62460,62435,62440,33
2026.07.28,21:54,62440,62460,62440,62450,33
2026.07.28,21:55,62450,62475,62430,62470,28
2026.07.28,21:56,62475,62490,62470,62480,30
2026.07.28,21:57,62480,62500,62475,62490,20
2026.07.28,21:58,62485,62510,62480,62495,21
2026.07.28,21:59,62500,62505,62495,62500,28
2026.07.28,22:00,62500,62550,62495,62525,47
2026.07.28,22:01,62530,62555,62530,62550,32
2026.07.28,22:02,62555,62560,62530,62555,40
2026.07.28,22:03,62550,62580,62550,62575,31
2026.07.28,22:04,62570,62610,62570,62605,32
2026.07.28,22:05,62600,62625,62575,62620,40
2026.07.28,22:06,62625,62625,62580,62580,30
2026.07.28,22:07,62580,62600,62565,62570,27
2026.07.28,22:08,62565,62570,62550,62550,45
2026.07.28,22:09,62555,62565,62540,62540,32
2026.07.28,22:10,62545,62580,62540,62565,46
2026.07.28,22:11,62560,62580,62550,62575,32
2026.07.28,22:12,62570,62570,62545,62545,17
2026.07.28,22:13,62540,62575,62540,62575,31
2026.07.28,22:14,62570,62570,62550,62570,24
2026.07.28,22:15,62565,62590,62540,62545,43
2026.07.28,22:16,62545,62570,62530,62545,33
2026.07.28,22:17,62550,62560,62530,62545,39
2026.07.28,22:18,62540,62595,62540,62590,48
2026.07.28,22:19,62585,62610,62580,62610,40
2026.07.28,22:20,62610,62615,62585,62610,32
2026.07.28,22:21,62605,62615,62585,62595,33
2026.07.28,22:22,62590,62650,62590,62650,37
2026.07.28,22:23,62650,62665,62650,62665,37
2026.07.28,22:24,62665,62680,62665,62675,16
2026.07.28,22:25,62670,62675,62650,62655,39
2026.07.28,22:26,62655,62665,62630,62635,39
2026.07.28,22:27,62630,62635,62615,62625,29
2026.07.28,22:28,62630,62670,62615,62665,46
2026.07.28,22:29,62670,62675,62655,62665,14
2026.07.28,22:30,62670,62680,62650,62675,54
2026.07.28,22:31,62665,62690,62660,62675,49
2026.07.28,22:32,62675,62680,62655,62670,38
2026.07.28,22:33,62675,62675,62650,62665,38
2026.07.28,22:34,62665,62685,62660,62665,39
2026.07.28,22:35,62665,62665,62595,62595,45
2026.07.28,22:36,62600,62600,62565,62575,51
2026.07.28,22:37,62570,62585,62550,62565,50
2026.07.28,22:38,62560,62565,62540,62560,42
2026.07.28,22:39,62555,62560,62525,62535,40
2026.07.28,22:40,62540,62550,62525,62540,42
2026.07.28,22:41,62535,62540,62520,62535,41
2026.07.28,22:42,62540,62550,62525,62535,37
2026.07.28,22:43,62535,62565,62535,62555,34
2026.07.28,22:44,62550,62555,62535,62555,30
2026.07.28,22:45,62550,62560,62515,62520,43
2026.07.28,22:46,62515,62530,62510,62530,41
2026.07.28,22:47,62530,62565,62530,62545,41
2026.07.28,22:48,62545,62560,62540,62555,39
2026.07.28,22:49,62550,62560,62545,62560,32
2026.07.28,22:50,62565,62570,62525,62535,47
2026.07.28,22:51,62530,62540,62520,62530,28
2026.07.28,22:52,62525,62550,62520,62550,30
2026.07.28,22:53,62545,62565,62530,62565,46
2026.07.28,22:54,62570,62605,62570,62595,45
2026.07.28,22:55,62565,62575,62530,62555,51
2026.07.28,22:56,62550,62580,62540,62550,48
2026.07.28,22:57,62550,62560,62530,62540,43
2026.07.28,22:58,62535,62540,62535,62535,28
2026.07.28,22:59,62535,62550,62500,62510,56
2026.07.28,23:00,62515,62540,62500,62540,50
2026.07.28,23:01,62540,62540,62490,62490,34
2026.07.28,23:02,62500,62500,62465,62465,27
2026.07.28,23:03,62465,62480,62465,62475,40
2026.07.28,23:04,62475,62495,62475,62480,16
2026.07.28,23:05,62490,62540,62475,62475,55
2026.07.28,23:06,62475,62475,62435,62465,30
2026.07.28,23:07,62465,62485,62450,62450,19
2026.07.28,23:08,62460,62475,62450,62460,39
2026.07.28,23:09,62460,62460,62395,62415,36
2026.07.28,23:10,62415,62420,62400,62415,31
2026.07.28,23:11,62420,62420,62395,62410,15
2026.07.28,23:12,62410,62410,62410,62410,2
2026.07.28,23:13,62420,62440,62420,62440,7
2026.07.28,23:14,62440,62440,62410,62410,13
2026.07.28,23:15,62405,62405,62385,62390,28
2026.07.28,23:16,62385,62395,62385,62395,13
2026.07.28,23:17,62390,62400,62390,62395,8
2026.07.28,23:18,62405,62420,62400,62420,15
2026.07.28,23:19,62420,62430,62420,62430,5
2026.07.28,23:20,62435,62445,62435,62445,11
2026.07.28,23:21,62450,62450,62445,62445,4
2026.07.28,23:22,62445,62460,62445,62445,10
2026.07.28,23:24,62450,62490,62450,62490,7
2026.07.28,23:25,62495,62515,62495,62510,8
2026.07.28,23:26,62515,62550,62515,62550,17
2026.07.28,23:27,62550,62580,62550,62560,20
2026.07.28,23:28,62560,62585,62560,62585,10
2026.07.28,23:29,62590,62590,62565,62570,11
2026.07.28,23:30,62565,62565,62560,62560,2
2026.07.28,23:31,62550,62550,62515,62525,17
2026.07.28,23:32,62520,62530,62520,62525,8
2026.07.28,23:33,62520,62525,62500,62505,17
2026.07.28,23:34,62500,62500,62490,62490,5
2026.07.28,23:35,62495,62530,62495,62525,18
2026.07.28,23:36,62520,62525,62515,62520,7
2026.07.28,23:37,62515,62515,62480,62500,16
2026.07.28,23:38,62500,62500,62500,62500,3
2026.07.28,23:39,62500,62505,62500,62505,4
2026.07.28,23:40,62495,62495,62490,62495,6
2026.07.28,23:41,62495,62500,62435,62460,20
2026.07.28,23:42,62465,62475,62460,62470,14
2026.07.28,23:43,62475,62475,62450,62455,10
2026.07.28,23:44,62450,62460,62450,62460,6
2026.07.28,23:45,62460,62465,62460,62465,4
2026.07.28,23:46,62465,62485,62465,62475,8
2026.07.28,23:47,62475,62475,62475,62475,1
2026.07.28,23:48,62480,62485,62465,62465,8
2026.07.28,23:49,62465,62465,62465,62465,3
2026.07.28,23:50,62465,62465,62425,62430,12
2026.07.28,23:51,62430,62440,62430,62440,9
2026.07.28,23:52,62430,62435,62415,62435,20
2026.07.28,23:53,62430,62435,62430,62430,13
2026.07.28,23:54,62430,62450,62415,62415,19
2026.07.28,23:55,62420,62420,62395,62405,7
2026.07.28,23:56,62390,62395,62355,62390,13
2026.07.28,23:57,62395,62415,62395,62415,7
2026.07.28,23:58,62410,62410,62405,62405,2
2026.07.28,23:59,62355,62395,62340,62340,16
2026.07.29,00:00,62345,62350,62335,62335,3
2026.07.29,00:01,62340,62340,62340,62340,1
2026.07.29,00:03,62350,62350,62350,62350,1
2026.07.29,00:05,62355,62355,62345,62345,3
2026.07.29,00:13,62335,62365,62335,62365,3
2026.07.29,00:14,62370,62370,62360,62365,5
2026.07.29,02:30,62245,62245,62155,62235,31
2026.07.29,02:31,62235,62320,62235,62320,28
2026.07.29,02:32,62320,62355,62295,62320,20
2026.07.29,02:33,62320,62325,62235,62235,19
2026.07.29,02:34,62230,62360,62230,62345,18
2026.07.29,02:35,62340,62340,62320,62320,18
2026.07.29,02:36,62320,62320,62270,62300,11
2026.07.29,02:37,62280,62310,62280,62305,26
2026.07.29,02:38,62305,62360,62295,62360,25
2026.07.29,02:39,62370,62430,62340,62390,37
2026.07.29,02:40,62380,62390,62325,62385,49
2026.07.29,02:41,62380,62405,62375,62405,29
2026.07.29,02:42,62410,62410,62380,62390,25
2026.07.29,02:43,62390,62435,62380,62425,25
2026.07.29,02:44,62430,62560,62425,62555,65
2026.07.29,02:45,62535,62680,62470,62655,129
2026.07.29,02:46,62650,62825,62650,62820,111
2026.07.29,02:47,62815,62885,62800,62815,108
2026.07.29,02:48,62805,62885,62800,62845,88
2026.07.29,02:49,62860,62940,62835,62920,95
2026.07.29,02:50,62915,62935,62855,62880,101
2026.07.29,02:51,62880,62885,62785,62825,78
2026.07.29,02:52,62825,62835,62740,62810,76
2026.07.29,02:53,62805,62870,62805,62815,49
2026.07.29,02:54,62810,62830,62775,62820,89
2026.07.29,02:55,62830,62830,62635,62635,103
2026.07.29,02:56,62635,62685,62610,62635,85
2026.07.29,02:57,62635,62695,62620,62685,83
2026.07.29,02:58,62680,62765,62675,62760,95
2026.07.29,02:59,62745,62820,62730,62775,95
2026.07.29,03:00,62785,62785,62475,62515,173
2026.07.29,03:01,62510,62765,62495,62750,172
2026.07.29,03:02,62755,62850,62655,62710,153
2026.07.29,03:03,62720,62810,62670,62800,126
2026.07.29,03:04,62805,62940,62780,62935,141
2026.07.29,03:05,62940,63080,62920,62975,164
2026.07.29,03:06,62960,63050,62900,62980,148
2026.07.29,03:07,62970,63040,62930,62995,133
2026.07.29,03:08,63000,63100,62985,63075,116
2026.07.29,03:09,63065,63180,63035,63105,126
2026.07.29,03:10,63100,63120,62940,62955,141
2026.07.29,03:11,62950,63090,62950,63090,128
2026.07.29,03:12,63095,63110,62990,63030,128
2026.07.29,03:13,63025,63035,62980,62995,119
2026.07.29,03:14,62985,62995,62880,62900,137
2026.07.29,03:15,62885,62885,62735,62845,136
2026.07.29,03:16,62850,63010,62835,62940,145
2026.07.29,03:17,62945,63035,62925,63015,134
2026.07.29,03:18,63015,63175,63010,63175,132
2026.07.29,03:19,63165,63185,63055,63170,115
2026.07.29,03:20,63165,63185,63075,63130,139
2026.07.29,03:21,63125,63220,63100,63210,131
2026.07.29,03:22,63205,63220,63035,63045,132
2026.07.29,03:23,63055,63080,62940,62980,123
2026.07.29,03:24,62990,62990,62835,62885,133
2026.07.29,03:25,62890,62900,62825,62855,123
2026.07.29,03:26,62850,62865,62735,62795,134
2026.07.29,03:27,62805,62825,62720,62760,127
2026.07.29,03:28,62765,62765,62655,62710,122
2026.07.29,03:29,62705,62795,62695,62780,116
2026.07.29,03:30,62765,62875,62725,62775,165
2026.07.29,03:31,62785,62785,62655,62705,121
2026.07.29,03:32,62700,62715,62635,62685,111
2026.07.29,03:33,62680,62700,62605,62675,118
2026.07.29,03:34,62685,62740,62660,62685,127
2026.07.29,03:35,62680,62705,62605,62655,133
2026.07.29,03:36,62650,62735,62645,62720,136
2026.07.29,03:37,62715,62845,62675,62835,128
2026.07.29,03:38,62845,62865,62790,62835,109
2026.07.29,03:39,62830,62905,62810,62900,117
2026.07.29,03:40,62905,62975,62865,62880,117
2026.07.29,03:41,62885,62915,62790,62850,123
2026.07.29,03:42,62840,62875,62785,62795,109
2026.07.29,03:43,62790,62950,62770,62930,113
2026.07.29,03:44,62920,62935,62825,62895,120
2026.07.29,03:45,62895,62940,62875,62910,110
2026.07.29,03:46,62905,62935,62860,62895,124
2026.07.29,03:47,62900,62935,62875,62915,102
2026.07.29,03:48,62910,62930,62755,62755,113
2026.07.29,03:49,62750,62840,62740,62790,113
2026.07.29,03:50,62785,62820,62730,62770,110
2026.07.29,03:51,62775,62840,62710,62805,118
2026.07.29,03:52,62805,62850,62765,62805,112
2026.07.29,03:53,62800,62845,62715,62730,104
2026.07.29,03:54,62730,62785,62710,62755,110
2026.07.29,03:55,62760,62760,62645,62705,110
2026.07.29,03:56,62700,62710,62620,62625,107
2026.07.29,03:57,62620,62645,62565,62575,96
2026.07.29,03:58,62570,62580,62470,62510,95
2026.07.29,03:59,62520,62525,62435,62490,111
2026.07.29,04:00,62485,62495,62405,62450,133
2026.07.29,04:01,62445,62595,62445,62520,140
2026.07.29,04:02,62515,62580,62480,62500,123
2026.07.29,04:03,62495,62600,62495,62595,122
2026.07.29,04:04,62590,62645,62495,62635,126
2026.07.29,04:05,62630,62695,62580,62640,115
2026.07.29,04:06,62640,62640,62430,62435,121
2026.07.29,04:07,62420,62490,62395,62480,131
2026.07.29,04:08,62475,62490,62370,62370,107
2026.07.29,04:09,62365,62400,62325,62345,115
2026.07.29,04:10,62345,62375,62285,62285,118
2026.07.29,04:11,62285,62285,62205,62220,106
2026.07.29,04:12,62225,62235,62150,62220,111
2026.07.29,04:13,62215,62265,62180,62200,117
2026.07.29,04:14,62190,62190,62110,62155,94
2026.07.29,04:15,62155,62160,62055,62085,91
2026.07.29,04:16,62080,62085,62000,62050,119
2026.07.29,04:17,62055,62105,61975,62090,123
2026.07.29,04:18,62085,62145,62030,62075,135
2026.07.29,04:19,62070,62150,62045,62100,126
2026.07.29,04:20,62110,62240,62110,62175,130
2026.07.29,04:21,62180,62260,62155,62185,129
2026.07.29,04:22,62185,62310,62180,62240,112
2026.07.29,04:23,62225,62350,62225,62315,120
2026.07.29,04:24,62320,62430,62320,62390,101
2026.07.29,04:25,62380,62425,62345,62410,129
2026.07.29,04:26,62405,62455,62365,62370,119
2026.07.29,04:27,62375,62450,62375,62435,101
2026.07.29,04:28,62440,62460,62380,62395,102
2026.07.29,04:29,62405,62495,62405,62495,93
2026.07.29,04:30,62495,62515,62365,62400,139
2026.07.29,04:31,62410,62455,62360,62410,131
2026.07.29,04:32,62405,62440,62325,62435,121
2026.07.29,04:33,62420,62420,62290,62295,124
2026.07.29,04:34,62290,62420,62285,62405,113
2026.07.29,04:35,62400,62445,62330,62340,117
2026.07.29,04:36,62340,62430,62325,62360,134
2026.07.29,04:37,62355,62440,62330,62405,116
2026.07.29,04:38,62395,62420,62365,62395,118
2026.07.29,04:39,62405,62405,62290,62295,117
2026.07.29,04:40,62300,62325,62175,62185,105
2026.07.29,04:41,62180,62215,62150,62190,117
2026.07.29,04:42,62180,62180,62105,62110,116
2026.07.29,04:43,62115,62155,62075,62080,87
2026.07.29,04:44,62075,62175,62075,62150,117
2026.07.29,04:45,62145,62165,62095,62115,125
2026.07.29,04:46,62110,62175,62090,62135,114
2026.07.29,04:47,62130,62140,61995,62015,105
2026.07.29,04:48,62010,62040,61935,62040,102
2026.07.29,04:49,62035,62050,61910,61915,88
2026.07.29,04:50,61910,61910,61840,61885,118
2026.07.29,04:51,61885,61900,61725,61750,96
2026.07.29,04:52,61755,61815,61720,61815,119
2026.07.29,04:53,61805,61815,61665,61705,115
2026.07.29,04:54,61700,61700,61605,61640,95
2026.07.29,04:55,61645,61665,61605,61650,116
2026.07.29,04:56,61640,61640,61560,61575,105
2026.07.29,04:57,61580,61590,61470,61500,103
2026.07.29,04:58,61490,61525,61455,61490,111
2026.07.29,04:59,61485,61495,61385,61415,98
2026.07.29,05:00,61405,61405,61265,61300,120
2026.07.29,05:01,61295,61595,61295,61585,149
2026.07.29,05:02,61595,61630,61525,61545,143
2026.07.29,05:03,61550,61655,61515,61620,154
2026.07.29,05:04,61630,61650,61510,61545,131
2026.07.29,05:05,61540,61550,61415,61485,120
2026.07.29,05:06,61480,61645,61460,61635,135
2026.07.29,05:07,61640,61665,61555,61605,135
2026.07.29,05:08,61600,61625,61510,61555,122
2026.07.29,05:09,61565,61585,61485,61520,111
2026.07.29,05:10,61510,61585,61490,61565,133
2026.07.29,05:11,61565,61640,61520,61635,126
2026.07.29,05:12,61640,61660,61580,61615,136
2026.07.29,05:13,61610,61620,61560,61575,122
2026.07.29,05:14,61575,61615,61550,61585,124
2026.07.29,05:15,61590,61615,61490,61520,113
2026.07.29,05:16,61515,61530,61465,61495,101
2026.07.29,05:17,61490,61510,61375,61375,97
2026.07.29,05:18,61380,61445,61375,61405,108
2026.07.29,05:19,61415,61415,61335,61385,104
2026.07.29,05:20,61395,61395,61320,61365,105
2026.07.29,05:21,61375,61565,61370,61550,122
2026.07.29,05:22,61540,61690,61520,61640,122
2026.07.29,05:23,61630,61645,61530,61595,118
2026.07.29,05:24,61610,61645,61550,61560,108
2026.07.29,05:25,61555,61655,61515,61650,111
2026.07.29,05:26,61645,61685,61590,61630,122
2026.07.29,05:27,61640,61675,61610,61675,104
2026.07.29,05:28,61680,61730,61675,61700,102
2026.07.29,05:29,61690,61765,61665,61765,96
2026.07.29,05:30,61770,61785,61705,61780,115
2026.07.29,05:31,61785,61815,61755,61810,109
2026.07.29,05:32,61825,61840,61800,61825,94
2026.07.29,05:33,61820,61820,61685,61715,96
2026.07.29,05:34,61710,61710,61665,61700,86
2026.07.29,05:35,61715,61720,61665,61705,105
2026.07.29,05:36,61700,61725,61635,61635,97
2026.07.29,05:37,61635,61635,61555,61570,84
2026.07.29,05:38,61565,61595,61540,61595,97
2026.07.29,05:39,61600,61675,61575,61675,91
2026.07.29,05:40,61680,61715,61600,61635,93
2026.07.29,05:41,61645,61680,61645,61665,79
2026.07.29,05:42,61660,61670,61590,61600,83
2026.07.29,05:43,61610,61620,61575,61575,86
2026.07.29,05:44,61575,61600,61550,61575,78
2026.07.29,05:45,61580,61630,61530,61530,83
2026.07.29,05:46,61535,61540,61505,61505,65
2026.07.29,05:47,61500,61535,61485,61485,76
2026.07.29,05:48,61485,61495,61460,61480,61
2026.07.29,05:49,61480,61490,61425,61435,64
2026.07.29,05:50,61430,61470,61405,61465,83
2026.07.29,05:51,61465,61540,61430,61540,89
2026.07.29,05:52,61530,61535,61425,61430,81
2026.07.29,05:53,61425,61435,61395,61395,56
2026.07.29,05:54,61395,61405,61350,61405,63
2026.07.29,05:55,61410,61425,61365,61420,68
2026.07.29,05:56,61415,61430,61375,61430,82
2026.07.29,05:57,61435,61440,61375,61395,58
2026.07.29,05:58,61400,61405,61350,61355,59
2026.07.29,05:59,61355,61380,61355,61375,57
2026.07.29,06:00,61375,61390,61345,61350,54
2026.07.29,06:01,61345,61360,61315,61325,46
2026.07.29,06:02,61325,61340,61275,61280,74
2026.07.29,06:03,61280,61280,61205,61205,96
2026.07.29,06:04,61200,61280,61180,61280,97
2026.07.29,06:05,61280,61355,61260,61345,112
2026.07.29,06:06,61340,61370,61300,61360,81
2026.07.29,06:07,61360,61460,61355,61420,80
2026.07.29,06:08,61415,61540,61415,61495,94
2026.07.29,06:09,61490,61590,61490,61575,97
2026.07.29,06:10,61575,61635,61565,61615,119
2026.07.29,06:11,61610,61610,61520,61530,116
2026.07.29,06:12,61525,61525,61425,61425,92
2026.07.29,06:13,61430,61430,61355,61355,84
2026.07.29,06:14,61355,61360,61320,61350,79
2026.07.29,06:15,61355,61365,61320,61325,76
2026.07.29,06:16,61330,61340,61275,61320,76
2026.07.29,06:17,61315,61325,61275,61285,75
2026.07.29,06:18,61280,61305,61265,61280,74
2026.07.29,06:19,61280,61280,61250,61255,67
2026.07.29,06:20,61260,61325,61240,61320,78
2026.07.29,06:21,61315,61360,61285,61295,75
2026.07.29,06:22,61300,61320,61270,61285,60
2026.07.29,06:23,61290,61295,61230,61235,67
2026.07.29,06:24,61230,61235,61140,61200,66
2026.07.29,06:25,61200,61205,61125,61170,75
2026.07.29,06:26,61170,61190,61150,61175,73
2026.07.29,06:27,61175,61175,61130,61160,76
2026.07.29,06:28,61165,61175,61150,61175,56
2026.07.29,06:29,61175,61225,61135,61135,75
2026.07.29,06:30,61115,61135,61030,61090,125
2026.07.29,06:31,61095,61095,61025,61055,92
2026.07.29,06:32,61070,61185,61060,61120,109
2026.07.29,06:33,61145,61180,61090,61170,126
2026.07.29,06:34,61165,61165,61100,61150,108
2026.07.29,06:35,61155,61195,61125,61175,107
2026.07.29,06:36,61180,61190,61070,61130,101
2026.07.29,06:37,61130,61130,61010,61020,100
2026.07.29,06:38,61025,61040,60980,60990,103
2026.07.29,06:39,60995,61020,60970,60990,79
2026.07.29,06:40,60995,61005,60930,60935,88
2026.07.29,06:41,60930,61010,60865,60975,105
2026.07.29,06:42,60980,61090,60960,61050,108
2026.07.29,06:43,61045,61120,61010,61100,104
2026.07.29,06:44,61105,61180,61060,61180,90
2026.07.29,06:45,61185,61215,61145,61160,95
2026.07.29,06:46,61170,61200,61105,61110,87
2026.07.29,06:47,61115,61185,61100,61165,85
2026.07.29,06:48,61160,61180,61085,61085,84
2026.07.29,06:49,61090,61090,61030,61035,65
2026.07.29,06:50,61040,61055,60980,61040,73
2026.07.29,06:51,61040,61040,60955,60955,79
2026.07.29,06:52,60960,60960,60885,60910,90
2026.07.29,06:53,60915,60950,60875,60875,76
2026.07.29,06:54,60875,60890,60850,60855,77
2026.07.29,06:55,60850,60865,60790,60810,65
2026.07.29,06:56,60810,60830,60795,60820,66
2026.07.29,06:57,60820,60840,60800,60805,72
2026.07.29,06:58,60805,60835,60780,60815,80
2026.07.29,06:59,60825,60865,60815,60855,68
2026.07.29,07:00,60860,60900,60755,60755,104
2026.07.29,07:01,60765,60770,60720,60745,83
2026.07.29,07:02,60750,60800,60720,60780,105
2026.07.29,07:03,60775,60800,60730,60760,113
2026.07.29,07:04,60755,60780,60720,60760,111
2026.07.29,07:05,60760,60775,60715,60725,119
2026.07.29,07:06,60720,60790,60680,60790,89
2026.07.29,07:07,60780,60780,60690,60725,87
2026.07.29,07:08,60720,60740,60690,60735,96
2026.07.29,07:09,60740,60855,60730,60840,116
2026.07.29,07:10,60835,60845,60770,60790,110
2026.07.29,07:11,60785,60785,60725,60770,84
2026.07.29,07:12,60765,60835,60725,60810,102
2026.07.29,07:13,60805,60820,60735,60780,111
2026.07.29,07:14,60785,60785,60690,60730,98
2026.07.29,07:15,60745,60770,60675,60685,98
2026.07.29,07:16,60680,60715,60625,60690,87
2026.07.29,07:17,60695,60705,60660,60695,107
2026.07.29,07:18,60710,60715,60640,60640,91
2026.07.29,07:19,60635,60715,60595,60705,108
2026.07.29,07:20,60710,60765,60665,60675,131
2026.07.29,07:21,60670,60705,60635,60675,105
2026.07.29,07:22,60680,60795,60675,60780,112
2026.07.29,07:23,60770,60830,60710,60790,118
2026.07.29,07:24,60795,60835,60755,60795,125
2026.07.29,07:25,60800,60825,60730,60730,116
2026.07.29,07:26,60725,60790,60725,60760,122
2026.07.29,07:27,60755,60830,60750,60780,113
2026.07.29,07:28,60785,60795,60685,60685,99
2026.07.29,07:29,60695,60715,60635,60670,85
2026.07.29,07:30,60660,60725,60615,60705,99
2026.07.29,07:31,60705,60715,60630,60675,109
2026.07.29,07:32,60670,60675,60615,60645,96
2026.07.29,07:33,60645,60645,60590,60590,110
2026.07.29,07:34,60595,60605,60560,60585,95
2026.07.29,07:35,60595,60720,60580,60720,116
2026.07.29,07:36,60715,60765,60665,60710,129
2026.07.29,07:37,60680,60725,60655,60695,115
2026.07.29,07:38,60710,60775,60690,60745,120
2026.07.29,07:39,60750,60760,60690,60695,102
2026.07.29,07:40,60705,60705,60585,60635,114
2026.07.29,07:41,60630,60645,60555,60580,87
2026.07.29,07:42,60580,60595,60545,60555,89
2026.07.29,07:43,60550,60590,60530,60565,74
2026.07.29,07:44,60560,60565,60525,60535,87
2026.07.29,07:45,60530,60600,60505,60600,99
2026.07.29,07:46,60595,60670,60585,60655,112
2026.07.29,07:47,60650,60710,60620,60670,118
2026.07.29,07:48,60665,60680,60625,60660,110
2026.07.29,07:49,60655,60780,60630,60765,107
2026.07.29,07:50,60760,60910,60755,60820,115
2026.07.29,07:51,60820,60980,60820,60960,102
2026.07.29,07:52,60955,61030,60950,60975,106
2026.07.29,07:53,60980,61025,60945,60990,111
2026.07.29,07:54,60985,61085,60960,61075,111
2026.07.29,07:55,61065,61265,61060,61235,109
2026.07.29,07:56,61225,61255,61160,61215,115
2026.07.29,07:57,61210,61235,61120,61190,126
2026.07.29,07:58,61185,61260,61185,61230,121
2026.07.29,07:59,61235,61325,61220,61305,99
2026.07.29,08:00,61300,61335,61180,61215,123
2026.07.29,08:01,61220,61355,61200,61355,136
2026.07.29,08:02,61345,61350,61255,61280,117
2026.07.29,08:03,61290,61320,61235,61260,116
2026.07.29,08:04,61255,61295,61200,61215,123
2026.07.29,08:05,61210,61235,61080,61115,112
2026.07.29,08:06,61125,61245,61125,61220,130
2026.07.29,08:07,61220,61310,61175,61290,123
2026.07.29,08:08,61295,61380,61285,61335,105
2026.07.29,08:09,61335,61365,61295,61330,110
2026.07.29,08:10,61325,61375,61305,61365,93
2026.07.29,08:11,61365,61390,61340,61380,96
2026.07.29,08:12,61375,61400,61335,61335,100
2026.07.29,08:13,61340,61390,61315,61335,108
2026.07.29,08:14,61340,61390,61295,61390,105
2026.07.29,08:15,61385,61385,61230,61235,103
2026.07.29,08:16,61240,61265,61175,61225,119
2026.07.29,08:17,61225,61230,61155,61175,104
2026.07.29,08:18,61165,61205,61115,61130,99
2026.07.29,08:19,61135,61145,61075,61140,98
2026.07.29,08:20,61135,61225,61090,61190,123
2026.07.29,08:21,61195,61200,61075,61125,98
2026.07.29,08:22,61125,61200,61120,61195,92
2026.07.29,08:23,61200,61205,61145,61175,99
2026.07.29,08:24,61170,61205,61140,61205,110
2026.07.29,08:25,61195,61340,61195,61320,88
2026.07.29,08:26,61315,61405,61295,61340,92
2026.07.29,08:27,61345,61415,61340,61395,89
2026.07.29,08:28,61400,61425,61380,61380,86
2026.07.29,08:29,61385,61405,61360,61370,92
2026.07.29,08:30,61370,61405,61285,61405,115
2026.07.29,08:31,61410,61450,61370,61380,109
2026.07.29,08:32,61385,61445,61345,61345,96
2026.07.29,08:33,61340,61375,61315,61360,105
2026.07.29,08:34,61360,61435,61330,61430,101
2026.07.29,08:35,61430,61440,61395,61405,100
2026.07.29,08:36,61410,61460,61405,61430,102
2026.07.29,08:37,61425,61455,61415,61445,98
2026.07.29,08:38,61450,61480,61440,61465,91
2026.07.29,08:39,61460,61500,61460,61465,93
2026.07.29,08:40,61460,61460,61395,61420,91
2026.07.29,08:41,61415,61430,61330,61355,101
2026.07.29,08:42,61365,61420,61360,61395,99
2026.07.29,08:43,61390,61420,61375,61385,89
2026.07.29,08:44,61380,61400,61350,61390,79
2026.07.29,08:45,61400,61440,61365,61430,90
2026.07.29,08:46,61425,61500,61420,61450,79
2026.07.29,08:47,61445,61560,61445,61515,83
2026.07.29,08:48,61510,61520,61380,61400,108
2026.07.29,08:49,61405,61420,61350,61365,102
2026.07.29,08:50,61360,61380,61295,61360,110
2026.07.29,08:51,61355,61370,61310,61320,99
2026.07.29,08:52,61315,61315,61215,61285,86
2026.07.29,08:53,61280,61360,61280,61345,91
2026.07.29,08:54,61350,61410,61325,61405,97
2026.07.29,08:55,61410,61430,61375,61380,77
2026.07.29,08:56,61370,61415,61340,61355,85
2026.07.29,08:57,61370,61390,61350,61375,82
2026.07.29,08:58,61380,61390,61360,61385,80
2026.07.29,08:59,61385,61400,61350,61355,79
2026.07.29,09:00,61350,61375,61315,61335,96
2026.07.29,09:01,61335,61385,61305,61310,99
2026.07.29,09:02,61315,61315,61270,61300,96
2026.07.29,09:03,61305,61310,61245,61250,70
2026.07.29,09:04,61250,61255,61205,61210,70
2026.07.29,09:05,61215,61215,61120,61135,81
2026.07.29,09:06,61130,61160,61090,61090,80
2026.07.29,09:07,61095,61105,61070,61085,70
2026.07.29,09:08,61090,61115,61060,61080,89
2026.07.29,09:09,61075,61100,61065,61080,78
2026.07.29,09:10,61075,61075,61010,61035,80
2026.07.29,09:11,61045,61080,61030,61050,74
2026.07.29,09:12,61045,61085,61030,61055,67
2026.07.29,09:13,61060,61185,61055,61175,73
2026.07.29,09:14,61175,61245,61175,61215,78
2026.07.29,09:15,61210,61280,61185,61255,85
2026.07.29,09:16,61260,61305,61245,61270,73
2026.07.29,09:17,61270,61325,61265,61310,70
2026.07.29,09:18,61320,61375,61295,61360,63
2026.07.29,09:19,61355,61390,61335,61350,74
2026.07.29,09:20,61355,61380,61330,61350,72
2026.07.29,09:21,61345,61370,61325,61345,73
2026.07.29,09:22,61345,61365,61310,61345,71
2026.07.29,09:23,61340,61420,61320,61415,68
2026.07.29,09:24,61420,61480,61420,61460,78
2026.07.29,09:25,61465,61565,61460,61565,89
2026.07.29,09:26,61555,61595,61505,61525,73
2026.07.29,09:27,61530,61600,61530,61575,63
2026.07.29,09:28,61575,61605,61540,61540,55
2026.07.29,09:29,61545,61620,61520,61585,90
2026.07.29,09:30,61575,61860,61550,61780,142
2026.07.29,09:31,61770,61930,61735,61910,111
2026.07.29,09:32,61910,62045,61880,62045,93
2026.07.29,09:33,62040,62085,62000,62045,104
2026.07.29,09:34,62050,62085,62045,62055,70
2026.07.29,09:35,62060,62090,62035,62080,75
2026.07.29,09:36,62075,62105,62065,62080,65
2026.07.29,09:37,62075,62110,62055,62100,60
2026.07.29,09:38,62095,62115,62070,62075,73
2026.07.29,09:39,62080,62145,62070,62135,65
2026.07.29,09:40,62125,62145,62110,62115,26
2026.07.29,09:41,62120,62195,62095,62180,44
2026.07.29,09:42,62180,62270,62155,62235,47
2026.07.29,09:43,62255,62310,62235,62310,38
2026.07.29,09:44,62310,62380,62295,62300,53
2026.07.29,09:45,62305,62345,62250,62250,57
2026.07.29,09:46,62245,62430,62245,62415,58
2026.07.29,09:47,62415,62445,62390,62430,61
2026.07.29,09:48,62430,62475,62400,62445,44
2026.07.29,09:49,62440,62475,62425,62445,38
2026.07.29,09:50,62450,62485,62435,62435,31
2026.07.29,09:51,62420,62450,62395,62440,26
2026.07.29,09:52,62450,62460,62405,62445,39
2026.07.29,09:53,62440,62440,62405,62415,17
2026.07.29,09:54,62425,62450,62425,62435,26
2026.07.29,10:25,62275,62320,62275,62300,28
2026.07.29,10:26,62300,62350,62290,62350,27
2026.07.29,10:27,62350,62370,62330,62330,23
2026.07.29,10:28,62340,62350,62320,62350,24
2026.07.29,10:29,62345,62365,62320,62365,30
2026.07.29,10:30,62365,62365,62320,62355,25
2026.07.29,10:31,62355,62450,62335,62450,27
2026.07.29,10:32,62445,62450,62410,62440,24
2026.07.29,10:33,62445,62445,62405,62410,20
2026.07.29,10:34,62410,62435,62410,62435,7
2026.07.29,10:35,62460,62465,62420,62420,33
2026.07.29,10:36,62430,62460,62430,62450,20
2026.07.29,10:37,62460,62500,62460,62465,29
2026.07.29,10:38,62470,62475,62445,62445,15
2026.07.29,10:39,62445,62465,62425,62435,29
2026.07.29,10:40,62435,62475,62435,62475,29
2026.07.29,10:41,62480,62480,62460,62470,29
2026.07.29,10:42,62460,62460,62425,62430,22
2026.07.29,10:43,62425,62445,62410,62445,25
2026.07.29,10:44,62440,62445,62425,62425,26
2026.07.29,10:45,62420,62430,62410,62425,29
2026.07.29,10:46,62425,62425,62385,62385,34
2026.07.29,10:47,62385,62425,62370,62410,48
2026.07.29,10:48,62415,62415,62380,62385,30
2026.07.29,10:49,62390,62415,62385,62405,31
2026.07.29,10:50,62395,62395,62360,62370,30
2026.07.29,10:51,62370,62370,62350,62370,25
2026.07.29,10:52,62395,62395,62370,62385,16
2026.07.29,10:53,62380,62395,62380,62390,24
2026.07.29,10:54,62390,62405,62370,62370,31
2026.07.29,10:55,62370,62410,62360,62410,34
2026.07.29,10:56,62410,62460,62410,62460,19
2026.07.29,10:57,62450,62480,62430,62480,22
2026.07.29,10:58,62490,62510,62490,62490,25
2026.07.29,10:59,62480,62480,62445,62450,36
2026.07.29,11:00,62450,62475,62400,62410,45
2026.07.29,11:01,62395,62395,62340,62385,58
2026.07.29,11:02,62390,62470,62350,62425,82
2026.07.29,11:03,62425,62460,62390,62440,66
2026.07.29,11:04,62440,62505,62440,62490,46
2026.07.29,11:05,62490,62500,62450,62500,75
2026.07.29,11:06,62500,62555,62500,62505,50
2026.07.29,11:07,62510,62555,62510,62520,44
2026.07.29,11:08,62520,62555,62520,62540,51
2026.07.29,11:09,62540,62560,62500,62560,50
2026.07.29,11:10,62565,62610,62520,62610,54
2026.07.29,11:11,62610,62640,62605,62620,54
2026.07.29,11:12,62625,62645,62580,62615,69
2026.07.29,11:13,62625,62660,62610,62655,55
2026.07.29,11:14,62660,62675,62560,62560,79
2026.07.29,11:15,62545,62565,62500,62545,72
2026.07.29,11:16,62550,62655,62550,62640,68
2026.07.29,11:17,62635,62645,62550,62585,70
2026.07.29,11:18,62590,62605,62585,62585,65
2026.07.29,11:19,62585,62695,62580,62590,71
2026.07.29,11:20,62595,62595,62540,62545,60
2026.07.29,11:21,62545,62545,62510,62535,38
2026.07.29,11:22,62540,62555,62520,62545,42
2026.07.29,11:23,62545,62545,62495,62500,49
2026.07.29,11:24,62505,62525,62410,62415,60
2026.07.29,11:25,62415,62415,62365,62365,61
2026.07.29,11:26,62370,62370,62310,62320,64
2026.07.29,11:27,62320,62395,62320,62390,67
2026.07.29,11:28,62395,62420,62360,62385,47
2026.07.29,11:29,62395,62420,62365,62420,46
2026.07.29,11:30,62415,62455,62365,62440,77
2026.07.29,11:31,62445,62590,62440,62590,71
2026.07.29,11:32,62590,62645,62570,62635,66
2026.07.29,11:33,62640,62655,62620,62620,59
2026.07.29,11:34,62630,62630,62585,62590,50
2026.07.29,11:35,62590,62610,62580,62585,48
2026.07.29,11:36,62590,62610,62575,62595,53
2026.07.29,11:37,62600,62615,62580,62580,42
2026.07.29,11:38,62585,62615,62575,62600,46
2026.07.29,11:39,62600,62650,62600,62615,56
2026.07.29,11:40,62615,62620,62580,62600,59
2026.07.29,11:41,62605,62615,62585,62605,51
2026.07.29,11:42,62600,62640,62600,62615,38
2026.07.29,11:43,62620,62685,62620,62660,41
2026.07.29,11:44,62665,62680,62660,62670,31
2026.07.29,11:45,62670,62680,62660,62670,39
2026.07.29,11:46,62665,62715,62665,62695,45
2026.07.29,11:47,62690,62715,62675,62705,60
2026.07.29,11:48,62710,62710,62640,62645,44
2026.07.29,11:49,62645,62685,62620,62680,42
2026.07.29,11:50,62685,62690,62660,62670,55
2026.07.29,11:51,62665,62670,62635,62645,37
2026.07.29,11:52,62650,62655,62620,62640,39
2026.07.29,11:53,62640,62665,62635,62655,33
2026.07.29,11:54,62650,62650,62590,62635,53
2026.07.29,11:55,62640,62655,62630,62630,33
2026.07.29,11:56,62635,62640,62610,62625,32
2026.07.29,11:57,62620,62630,62605,62615,35
2026.07.29,11:58,62610,62615,62585,62585,28
2026.07.29,11:59,62580,62595,62580,62590,29
2026.07.29,12:00,62595,62645,62585,62645,63
2026.07.29,12:01,62640,62690,62635,62685,57
2026.07.29,12:02,62690,62710,62650,62655,49
2026.07.29,12:03,62650,62710,62635,62710,59
2026.07.29,12:04,62710,62715,62675,62675,46
2026.07.29,12:05,62675,62680,62660,62675,33
2026.07.29,12:06,62680,62705,62675,62680,34
2026.07.29,12:07,62680,62680,62645,62670,48
2026.07.29,12:08,62665,62680,62640,62680,34
2026.07.29,12:09,62685,62720,62685,62700,50
2026.07.29,12:10,62695,62710,62685,62685,51
2026.07.29,12:11,62680,62690,62655,62670,52
2026.07.29,12:12,62665,62700,62665,62675,39
2026.07.29,12:13,62680,62705,62660,62665,39
2026.07.29,12:14,62670,62710,62665,62700,44
2026.07.29,12:15,62700,62710,62685,62700,37
2026.07.29,12:16,62700,62700,62645,62660,39
2026.07.29,12:17,62665,62675,62640,62645,41
2026.07.29,12:18,62650,62730,62645,62720,48
2026.07.29,12:19,62725,62750,62700,62710,38
2026.07.29,12:20,62710,62720,62695,62715,52
2026.07.29,12:21,62710,62750,62700,62700,49
2026.07.29,12:22,62700,62750,62700,62745,54
2026.07.29,12:23,62740,62745,62710,62725,40
2026.07.29,12:24,62725,62730,62710,62725,39
2026.07.29,12:25,62730,62775,62715,62770,49
2026.07.29,12:26,62765,62775,62730,62730,39
2026.07.29,12:27,62735,62735,62705,62710,38
2026.07.29,12:28,62710,62730,62695,62725,36
2026.07.29,12:29,62730,62735,62720,62725,28
2026.07.29,12:30,62725,62735,62705,62720,49
2026.07.29,12:31,62715,62745,62715,62735,46
2026.07.29,12:32,62740,62745,62720,62720,45
2026.07.29,12:33,62725,62725,62675,62685,43
2026.07.29,12:34,62690,62715,62690,62715,47
2026.07.29,12:35,62720,62735,62710,62715,47
2026.07.29,12:36,62720,62755,62720,62740,51
2026.07.29,12:37,62745,62800,62740,62790,42
2026.07.29,12:38,62785,62830,62785,62825,37
2026.07.29,12:39,62830,62830,62770,62780,38
2026.07.29,12:40,62780,62805,62775,62800,40
2026.07.29,12:41,62800,62820,62785,62815,35
2026.07.29,12:42,62810,62835,62795,62835,29
2026.07.29,12:43,62840,62860,62820,62830,33
2026.07.29,12:44,62830,62855,62820,62845,41
2026.07.29,12:45,62845,62855,62835,62845,42
2026.07.29,12:46,62840,62870,62840,62860,46
2026.07.29,12:47,62860,62885,62855,62880,39
2026.07.29,12:48,62885,62885,62855,62860,27
2026.07.29,12:49,62870,62885,62870,62875,31
2026.07.29,12:50,62880,62900,62880,62880,48
2026.07.29,12:51,62875,62880,62860,62880,45
2026.07.29,12:52,62875,62895,62870,62875,28
2026.07.29,12:53,62870,62880,62850,62860,30
2026.07.29,12:54,62865,62875,62850,62865,43
2026.07.29,12:55,62860,62860,62835,62835,39
2026.07.29,12:56,62830,62850,62820,62845,38
2026.07.29,12:57,62840,62860,62815,62845,52
2026.07.29,12:58,62850,62850,62825,62825,33
2026.07.29,12:59,62820,62840,62810,62810,42
2026.07.29,13:00,62815,62825,62780,62795,52
2026.07.29,13:01,62800,62810,62785,62810,56
2026.07.29,13:02,62810,62810,62770,62785,47
2026.07.29,13:03,62790,62805,62750,62750,62
2026.07.29,13:04,62755,62765,62745,62755,47
2026.07.29,13:05,62760,62805,62745,62790,49
2026.07.29,13:06,62785,62810,62710,62720,66
2026.07.29,13:07,62730,62745,62705,62740,58
2026.07.29,13:08,62745,62755,62740,62755,35
2026.07.29,13:09,62755,62775,62750,62775,22
2026.07.29,13:10,62775,62800,62755,62760,45
2026.07.29,13:11,62760,62780,62745,62780,33
2026.07.29,13:12,62775,62795,62760,62785,50
2026.07.29,13:13,62785,62795,62775,62785,45
2026.07.29,13:14,62790,62810,62785,62805,39
2026.07.29,13:15,62810,62835,62800,62835,52
2026.07.29,13:16,62830,62835,62805,62810,52
2026.07.29,13:17,62810,62825,62800,62810,46
2026.07.29,13:18,62815,62830,62810,62820,52
2026.07.29,13:19,62825,62825,62790,62820,51
2026.07.29,13:20,62820,62845,62815,62840,54
2026.07.29,13:21,62845,62870,62845,62870,32
2026.07.29,13:22,62870,62875,62845,62865,43
2026.07.29,13:23,62870,62875,62860,62865,41
2026.07.29,13:24,62870,62875,62850,62860,47
2026.07.29,13:25,62855,62860,62825,62840,54
2026.07.29,13:26,62840,62865,62835,62865,39
2026.07.29,13:27,62865,62875,62850,62855,36
2026.07.29,13:28,62850,62875,62850,62875,44
2026.07.29,13:29,62880,62905,62875,62905,44
2026.07.29,13:30,62900,62920,62870,62870,45
2026.07.29,13:31,62875,62900,62810,62820,43
2026.07.29,13:32,62815,62815,62775,62805,42
2026.07.29,13:33,62810,62825,62795,62810,33
2026.07.29,13:34,62815,62815,62790,62795,25
2026.07.29,13:35,62795,62800,62780,62790,47
2026.07.29,13:36,62790,62805,62780,62800,43
2026.07.29,13:37,62795,62800,62760,62765,46
2026.07.29,13:38,62775,62775,62735,62740,53
2026.07.29,13:39,62735,62765,62725,62755,53
2026.07.29,13:40,62755,62770,62740,62760,57
2026.07.29,13:41,62765,62825,62760,62815,60
2026.07.29,13:42,62810,62825,62800,62815,50
2026.07.29,13:43,62810,62810,62765,62775,35
2026.07.29,13:44,62770,62770,62740,62750,34
2026.07.29,13:45,62755,62755,62720,62740,38
2026.07.29,13:46,62745,62745,62710,62725,40
2026.07.29,13:47,62725,62725,62710,62715,33
2026.07.29,13:48,62715,62730,62700,62725,27
2026.07.29,13:49,62715,62720,62690,62715,42
2026.07.29,13:50,62720,62720,62695,62720,36
2026.07.29,13:51,62715,62735,62670,62675,47
2026.07.29,13:52,62675,62675,62640,62665,42
2026.07.29,13:53,62660,62660,62630,62655,30
2026.07.29,13:54,62650,62665,62650,62665,24
2026.07.29,13:55,62655,62660,62645,62645,31
2026.07.29,13:56,62645,62665,62630,62665,32
2026.07.29,13:57,62665,62665,62640,62650,35
2026.07.29,13:58,62650,62655,62635,62640,17
2026.07.29,13:59,62645,62655,62620,62640,36
2026.07.29,14:00,62645,62705,62625,62700,58
2026.07.29,14:01,62700,62715,62680,62700,50
2026.07.29,14:02,62705,62725,62685,62715,47
2026.07.29,14:03,62710,62730,62695,62705,58
2026.07.29,14:04,62710,62710,62670,62680,36
2026.07.29,14:05,62685,62695,62665,62665,42
2026.07.29,14:06,62670,62675,62615,62655,44
2026.07.29,14:07,62660,62700,62660,62700,31
2026.07.29,14:08,62705,62735,62695,62715,39
2026.07.29,14:09,62720,62745,62720,62730,44
2026.07.29,14:10,62735,62755,62730,62750,33
2026.07.29,14:11,62755,62760,62740,62745,35
2026.07.29,14:12,62740,62755,62730,62755,32
2026.07.29,14:13,62755,62770,62755,62765,16
2026.07.29,14:14,62765,62765,62735,62750,29
2026.07.29,14:15,62750,62755,62730,62745,23
2026.07.29,14:16,62750,62750,62725,62740,28
2026.07.29,14:17,62735,62755,62715,62755,47
2026.07.29,14:18,62760,62795,62755,62790,34
2026.07.29,14:19,62795,62805,62770,62775,27
2026.07.29,14:20,62780,62805,62780,62795,20
2026.07.29,14:21,62800,62805,62790,62795,24
2026.07.29,14:22,62795,62810,62770,62775,37
2026.07.29,14:23,62770,62790,62770,62785,32
2026.07.29,14:24,62785,62785,62770,62770,29
2026.07.29,14:25,62765,62775,62755,62770,34
2026.07.29,14:26,62770,62795,62765,62790,31
2026.07.29,14:27,62790,62805,62775,62790,36
2026.07.29,14:28,62785,62790,62775,62790,39
2026.07.29,14:29,62785,62795,62735,62735,38
2026.07.29,14:30,62740,62750,62715,62750,38
2026.07.29,14:31,62750,62770,62740,62755,35
2026.07.29,14:32,62755,62755,62725,62730,37
2026.07.29,14:33,62735,62735,62720,62730,31
2026.07.29,14:34,62725,62745,62715,62735,32
2026.07.29,14:35,62730,62740,62720,62730,29
2026.07.29,14:36,62735,62740,62720,62735,30
2026.07.29,14:37,62735,62735,62720,62725,29
2026.07.29,14:38,62720,62735,62710,62730,33
2026.07.29,14:39,62730,62730,62700,62710,35
2026.07.29,14:40,62710,62745,62710,62730,38
2026.07.29,14:41,62730,62730,62715,62725,25
2026.07.29,14:42,62730,62755,62725,62730,32
2026.07.29,14:43,62735,62745,62735,62735,21
2026.07.29,14:44,62740,62745,62730,62735,29
2026.07.29,14:45,62735,62745,62725,62735,32
2026.07.29,14:46,62740,62740,62720,62735,27
2026.07.29,14:47,62735,62800,62725,62790,47
2026.07.29,14:48,62780,62840,62780,62810,49
2026.07.29,14:49,62815,62815,62800,62815,36
2026.07.29,14:50,62805,62805,62790,62795,25
2026.07.29,14:51,62790,62790,62765,62770,33
2026.07.29,14:52,62780,62795,62740,62750,41
2026.07.29,14:53,62750,62760,62735,62750,29
2026.07.29,14:54,62755,62780,62740,62740,33
2026.07.29,14:55,62735,62775,62735,62775,33
2026.07.29,14:56,62780,62800,62775,62800,15
2026.07.29,14:57,62800,62800,62785,62790,10
2026.07.29,14:58,62790,62795,62775,62780,18
2026.07.29,14:59,62775,62805,62775,62805,18
2026.07.29,15:00,62805,62810,62765,62765,45
2026.07.29,15:01,62770,62795,62770,62785,33
2026.07.29,15:02,62790,62790,62755,62760,31
2026.07.29,15:03,62755,62755,62735,62735,18
2026.07.29,15:04,62740,62760,62740,62755,25
2026.07.29,15:05,62760,62795,62755,62795,32
2026.07.29,15:06,62790,62830,62760,62760,38
2026.07.29,15:07,62755,62760,62735,62735,33
2026.07.29,15:08,62740,62740,62700,62720,39
2026.07.29,15:09,62720,62720,62700,62720,25
2026.07.29,15:10,62725,62735,62710,62730,26
2026.07.29,15:11,62730,62760,62730,62760,22
2026.07.29,15:12,62770,62770,62735,62740,34
2026.07.29,15:13,62740,62745,62725,62745,37
2026.07.29,15:14,62740,62740,62665,62690,48
2026.07.29,15:15,62685,62700,62650,62665,66
2026.07.29,15:16,62660,62670,62500,62500,121
2026.07.29,15:17,62495,62565,62460,62565,137
2026.07.29,15:18,62560,62570,62480,62540,90
2026.07.29,15:19,62535,62550,62500,62505,80
2026.07.29,15:20,62500,62540,62490,62530,69
2026.07.29,15:21,62535,62555,62510,62510,67
2026.07.29,15:22,62510,62510,62465,62505,76
2026.07.29,15:23,62500,62550,62495,62545,58
2026.07.29,15:24,62540,62550,62475,62475,48
2026.07.29,15:25,62480,62545,62470,62545,35
2026.07.29,15:26,62550,62565,62540,62540,33
2026.07.29,15:27,62535,62555,62515,62515,38
2026.07.29,15:28,62520,62570,62520,62570,44
2026.07.29,15:29,62575,62585,62500,62500,46
2026.07.29,15:30,62495,62505,62440,62500,58
2026.07.29,15:31,62505,62515,62490,62510,41
2026.07.29,15:32,62515,62525,62505,62520,38
2026.07.29,15:33,62515,62520,62485,62500,37
2026.07.29,15:34,62505,62545,62495,62540,43
2026.07.29,15:35,62550,62560,62510,62520,51
2026.07.29,15:36,62515,62515,62480,62480,43
2026.07.29,15:37,62485,62530,62485,62520,28
2026.07.29,15:38,62520,62545,62520,62520,28
2026.07.29,15:39,62525,62545,62520,62540,37
2026.07.29,15:40,62545,62550,62525,62530,33
2026.07.29,15:41,62535,62595,62530,62590,43
2026.07.29,15:42,62595,62610,62580,62585,34
2026.07.29,15:43,62590,62605,62585,62590,33
2026.07.29,15:44,62595,62605,62580,62585,36
2026.07.29,15:45,62590,62595,62575,62590,30
2026.07.29,15:46,62590,62605,62585,62595,34
2026.07.29,15:47,62600,62600,62580,62590,34
2026.07.29,15:48,62590,62595,62565,62595,34
2026.07.29,15:49,62590,62605,62585,62605,23
2026.07.29,15:50,62610,62620,62600,62605,34
2026.07.29,15:51,62610,62610,62585,62595,36
2026.07.29,15:52,62595,62605,62580,62580,20
2026.07.29,15:53,62585,62595,62570,62570,15
2026.07.29,15:54,62580,62625,62570,62610,20
2026.07.29,15:55,62605,62610,62600,62610,10
2026.07.29,16:03,62535,62590,62500,62500,29
2026.07.29,16:04,62505,62510,62490,62505,21
2026.07.29,16:05,62500,62505,62470,62480,51
2026.07.29,16:06,62480,62500,62470,62480,36
2026.07.29,16:07,62485,62515,62485,62505,26
2026.07.29,16:08,62505,62510,62490,62500,31
2026.07.29,16:09,62500,62505,62490,62490,28
2026.07.29,16:10,62490,62495,62470,62480,48
2026.07.29,16:11,62480,62485,62465,62465,29
2026.07.29,16:12,62465,62490,62455,62485,39
2026.07.29,16:13,62480,62495,62480,62490,32
2026.07.29,16:14,62490,62495,62455,62455,37
2026.07.29,16:15,62455,62490,62440,62485,44
2026.07.29,16:16,62490,62490,62440,62460,41
2026.07.29,16:17,62455,62470,62435,62460,43
2026.07.29,16:18,62455,62460,62445,62450,28
2026.07.29,16:19,62455,62480,62455,62470,39
2026.07.29,16:20,62465,62475,62440,62470,54
2026.07.29,16:21,62475,62520,62470,62500,48
2026.07.29,16:22,62500,62520,62495,62500,39
2026.07.29,16:23,62495,62520,62495,62510,31
2026.07.29,16:24,62510,62510,62475,62485,40
2026.07.29,16:25,62480,62520,62480,62520,49
2026.07.29,16:26,62530,62570,62520,62570,31
2026.07.29,16:27,62570,62575,62530,62530,43
2026.07.29,16:28,62535,62570,62530,62570,46
2026.07.29,16:29,62565,62575,62530,62535,51
2026.07.29,16:30,62545,62645,62510,62535,130
2026.07.29,16:31,62535,62580,62525,62525,116
2026.07.29,16:32,62525,62665,62525,62625,124
2026.07.29,16:33,62635,62720,62620,62705,102
2026.07.29,16:34,62715,62770,62715,62715,94
2026.07.29,16:35,62710,62745,62690,62720,113
2026.07.29,16:36,62725,62730,62635,62660,103
2026.07.29,16:37,62660,62665,62580,62625,110
2026.07.29,16:38,62630,62705,62600,62600,100
2026.07.29,16:39,62595,62605,62565,62575,59
2026.07.29,16:40,62580,62640,62545,62580,73
2026.07.29,16:41,62580,62615,62575,62590,59
2026.07.29,16:42,62600,62630,62555,62580,57
2026.07.29,16:43,62575,62585,62555,62565,41
2026.07.29,16:44,62565,62645,62565,62635,53
2026.07.29,16:45,62640,62680,62580,62595,70
2026.07.29,16:46,62595,62620,62530,62540,78
2026.07.29,16:47,62540,62540,62440,62475,79
2026.07.29,16:48,62485,62510,62475,62485,51
2026.07.29,16:49,62500,62550,62470,62515,65
2026.07.29,16:50,62515,62520,62400,62410,52
2026.07.29,16:51,62415,62415,62345,62345,72
2026.07.29,16:52,62355,62360,62275,62300,74
2026.07.29,16:53,62300,62370,62270,62365,74
2026.07.29,16:54,62370,62395,62335,62350,71
2026.07.29,16:55,62355,62355,62240,62275,74
2026.07.29,16:56,62275,62290,62215,62235,73
2026.07.29,16:57,62235,62240,62175,62195,74
2026.07.29,16:58,62195,62285,62195,62285,86
2026.07.29,16:59,62290,62310,62225,62280,101
2026.07.29,17:00,62290,62375,62285,62335,131
2026.07.29,17:01,62345,62415,62330,62370,101
2026.07.29,17:02,62380,62460,62360,62440,97
2026.07.29,17:03,62435,62470,62410,62410,93
2026.07.29,17:04,62410,62465,62400,62435,99
2026.07.29,17:05,62445,62515,62440,62445,104
2026.07.29,17:06,62440,62475,62370,62380,92
2026.07.29,17:07,62375,62375,62285,62340,96
2026.07.29,17:08,62345,62360,62280,62310,93
2026.07.29,17:09,62320,62325,62275,62280,87
2026.07.29,17:10,62275,62275,62215,62260,104
2026.07.29,17:11,62265,62285,62240,62270,106
2026.07.29,17:12,62260,62290,62130,62150,90
2026.07.29,17:13,62145,62145,62085,62130,76
2026.07.29,17:14,62130,62130,62075,62105,76
2026.07.29,17:15,62105,62160,62075,62125,109
2026.07.29,17:16,62120,62155,62095,62145,105
2026.07.29,17:17,62140,62155,62030,62045,83
2026.07.29,17:18,62050,62120,62040,62110,85
2026.07.29,17:19,62105,62120,62055,62065,95
2026.07.29,17:20,62075,62115,62050,62080,89
2026.07.29,17:21,62075,62135,62065,62120,92
2026.07.29,17:22,62130,62150,62110,62125,82
2026.07.29,17:23,62130,62130,62035,62045,71
2026.07.29,17:24,62040,62045,61930,61990,89
2026.07.29,17:25,61985,61990,61885,61885,81
2026.07.29,17:26,61880,61880,61790,61840,96
2026.07.29,17:27,61840,61855,61795,61845,82
2026.07.29,17:28,61845,61890,61835,61885,97
2026.07.29,17:29,61885,61945,61885,61890,86
2026.07.29,17:30,61880,61975,61880,61965,102
2026.07.29,17:31,61970,61985,61920,61960,91
2026.07.29,17:32,61960,62070,61960,62055,105
2026.07.29,17:33,62055,62105,62030,62035,80
2026.07.29,17:34,62030,62030,61970,61990,90
2026.07.29,17:35,61990,61990,61935,61975,84
2026.07.29,17:36,61980,61985,61900,61925,90
2026.07.29,17:37,61925,61925,61880,61910,95
2026.07.29,17:38,61910,61935,61875,61935,83
2026.07.29,17:39,61935,61935,61835,61855,72
2026.07.29,17:40,61850,61855,61795,61835,75
2026.07.29,17:41,61830,61895,61825,61855,85
2026.07.29,17:42,61860,61865,61795,61800,68
2026.07.29,17:43,61795,61805,61750,61775,83
2026.07.29,17:44,61770,61775,61730,61765,44
2026.07.29,17:45,61770,61795,61740,61745,39
2026.07.29,17:46,61745,61765,61675,61745,52
2026.07.29,17:47,61740,61790,61735,61735,49
2026.07.29,17:48,61730,61735,61675,61695,57
2026.07.29,17:49,61695,61805,61695,61780,42
2026.07.29,17:50,61780,61845,61780,61835,63
2026.07.29,17:51,61830,61860,61800,61805,50
2026.07.29,17:52,61805,61870,61805,61845,49
2026.07.29,17:53,61840,61845,61830,61840,37
2026.07.29,17:54,61845,61845,61810,61835,33
2026.07.29,17:55,61835,61860,61775,61780,41
2026.07.29,17:56,61775,61775,61745,61760,34
2026.07.29,17:57,61765,61790,61735,61755,34
2026.07.29,17:58,61760,61805,61760,61805,37
2026.07.29,17:59,61805,61865,61805,61850,49
2026.07.29,18:00,61850,61875,61780,61795,56
2026.07.29,18:01,61795,61825,61785,61825,30
2026.07.29,18:02,61825,61930,61825,61880,50
2026.07.29,18:03,61880,61930,61880,61900,49
2026.07.29,18:04,61900,61920,61890,61920,74
2026.07.29,18:05,61920,61920,61850,61875,62
2026.07.29,18:06,61875,61935,61875,61875,61
2026.07.29,18:07,61870,61925,61865,61920,56
2026.07.29,18:08,61920,61960,61905,61910,48
2026.07.29,18:09,61905,61950,61890,61945,49
2026.07.29,18:10,61950,61960,61905,61905,39
2026.07.29,18:11,61900,61900,61795,61825,45
2026.07.29,18:12,61825,61865,61825,61855,46
2026.07.29,18:13,61860,61885,61840,61850,64
2026.07.29,18:14,61850,61875,61815,61840,65
2026.07.29,18:15,61845,61855,61800,61850,69
2026.07.29,18:16,61845,61895,61825,61880,78
2026.07.29,18:17,61875,61890,61825,61880,67
2026.07.29,18:18,61890,61910,61875,61885,68
2026.07.29,18:19,61885,61900,61770,61770,61
2026.07.29,18:20,61770,61795,61740,61785,79
2026.07.29,18:21,61795,61810,61760,61810,75
2026.07.29,18:22,61815,61830,61765,61830,81
2026.07.29,18:23,61835,61870,61835,61870,86
2026.07.29,18:24,61870,61880,61830,61875,83
2026.07.29,18:25,61865,61885,61820,61860,74
2026.07.29,18:26,61855,61905,61805,61835,75
2026.07.29,18:27,61830,61845,61800,61800,60
2026.07.29,18:28,61805,61835,61800,61830,61
2026.07.29,18:29,61835,61840,61795,61805,64
2026.07.29,18:30,61810,61825,61770,61810,76
2026.07.29,18:31,61815,61840,61790,61820,74
2026.07.29,18:32,61835,61855,61820,61840,76
2026.07.29,18:33,61835,61880,61815,61855,72
2026.07.29,18:34,61860,61875,61785,61815,71
2026.07.29,18:35,61815,61885,61805,61880,62
2026.07.29,18:36,61880,61885,61845,61885,70
2026.07.29,18:37,61885,61900,61850,61865,78
2026.07.29,18:38,61870,61875,61810,61815,72
2026.07.29,18:39,61820,61820,61780,61780,64
2026.07.29,18:40,61775,61790,61750,61780,67
2026.07.29,18:41,61780,61815,61780,61795,53
2026.07.29,18:42,61790,61800,61750,61750,57
2026.07.29,18:43,61745,61750,61705,61705,59
2026.07.29,18:44,61710,61750,61710,61745,48
2026.07.29,18:45,61740,61750,61685,61705,60
2026.07.29,18:46,61705,61730,61700,61725,55
2026.07.29,18:47,61725,61750,61705,61740,66
2026.07.29,18:48,61745,61790,61735,61750,79
2026.07.29,18:49,61750,61785,61735,61780,69
2026.07.29,18:50,61785,61795,61740,61775,60
2026.07.29,18:51,61770,61775,61750,61765,60
2026.07.29,18:52,61770,61795,61745,61795,74
2026.07.29,18:53,61790,61800,61725,61740,60
2026.07.29,18:54,61735,61735,61655,61670,59
2026.07.29,18:55,61665,61665,61600,61605,56
2026.07.29,18:56,61600,61600,61555,61590,56
2026.07.29,18:57,61585,61625,61585,61615,69
2026.07.29,18:58,61610,61630,61595,61625,55
2026.07.29,18:59,61625,61710,61625,61695,62
2026.07.29,19:00,61720,61750,61635,61635,80
2026.07.29,19:01,61630,61645,61595,61600,63
2026.07.29,19:02,61595,61605,61575,61595,49
2026.07.29,19:03,61590,61595,61565,61575,48
2026.07.29,19:04,61570,61580,61535,61545,40
2026.07.29,19:05,61550,61550,61465,61500,72
2026.07.29,19:06,61500,61525,61475,61490,65
2026.07.29,19:07,61485,61495,61470,61490,43
2026.07.29,19:08,61495,61530,61480,61530,54
2026.07.29,19:09,61530,61530,61495,61500,44
2026.07.29,19:10,61500,61510,61480,61500,56
2026.07.29,19:11,61500,61515,61460,61465,50
2026.07.29,19:12,61470,61475,61450,61450,39
2026.07.29,19:13,61455,61470,61445,61445,21
2026.07.29,19:14,61445,61450,61410,61410,19
2026.07.29,19:15,61410,61445,61380,61440,32
2026.07.29,19:16,61435,61435,61410,61420,13
2026.07.29,19:17,61420,61475,61420,61470,19
2026.07.29,19:18,61470,61480,61440,61480,26
2026.07.29,19:19,61485,61490,61460,61470,25
2026.07.29,19:20,61470,61515,61455,61515,25
2026.07.29,19:21,61515,61565,61515,61540,44
2026.07.29,19:22,61540,61590,61540,61590,45
2026.07.29,19:23,61585,61675,61585,61630,74
2026.07.29,19:24,61635,61650,61605,61620,48
2026.07.29,19:25,61630,61680,61630,61650,64
2026.07.29,19:26,61655,61710,61650,61710,54
2026.07.29,19:27,61705,61710,61680,61690,55
2026.07.29,19:28,61695,61740,61680,61725,60
2026.07.29,19:29,61725,61745,61720,61745,39
2026.07.29,19:30,61735,61805,61730,61785,73
2026.07.29,19:31,61790,61790,61735,61760,55
2026.07.29,19:32,61760,61760,61705,61725,49
2026.07.29,19:33,61730,61755,61730,61740,46
2026.07.29,19:34,61745,61765,61675,61675,52
2026.07.29,19:35,61670,61675,61640,61650,59
2026.07.29,19:36,61655,61670,61620,61625,47
2026.07.29,19:37,61630,61655,61625,61645,47
2026.07.29,19:38,61650,61670,61635,61645,48
2026.07.29,19:39,61650,61695,61645,61685,48
2026.07.29,19:40,61680,61695,61655,61695,54
2026.07.29,19:41,61700,61705,61675,61675,42
2026.07.29,19:42,61675,61680,61605,61620,40
2026.07.29,19:43,61615,61625,61575,61575,48
2026.07.29,19:44,61570,61605,61570,61600,51
2026.07.29,19:45,61605,61610,61585,61610,61
2026.07.29,19:46,61605,61620,61595,61605,51
2026.07.29,19:47,61615,61675,61610,61670,64
2026.07.29,19:48,61670,61690,61650,61655,55
2026.07.29,19:49,61655,61710,61655,61710,47
2026.07.29,19:50,61710,61730,61675,61705,62
2026.07.29,19:51,61705,61720,61685,61695,69
2026.07.29,19:52,61695,61740,61670,61740,56
2026.07.29,19:53,61745,61755,61720,61735,51
2026.07.29,19:54,61740,61740,61700,61720,50
2026.07.29,19:55,61720,61770,61710,61745,71
2026.07.29,19:56,61745,61765,61725,61765,59
2026.07.29,19:57,61770,61805,61760,61780,54
2026.07.29,19:58,61785,61785,61745,61760,56
2026.07.29,19:59,61765,61795,61765,61795,47
2026.07.29,20:00,61795,61825,61790,61820,67
2026.07.29,20:01,61825,61855,61820,61840,60
2026.07.29,20:02,61840,61860,61830,61855,57
2026.07.29,20:03,61850,61935,61845,61935,50
2026.07.29,20:04,61930,61960,61915,61950,60
2026.07.29,20:05,61955,61955,61895,61900,19
2026.07.29,20:06,61905,61935,61900,61935,28
2026.07.29,20:07,61935,61935,61895,61895,29
2026.07.29,20:08,61900,61940,61885,61915,45
2026.07.29,20:09,61920,61930,61910,61920,33
2026.07.29,20:10,61920,61995,61915,61990,30
2026.07.29,20:11,61990,61995,61970,61980,22
2026.07.29,20:12,61980,62005,61965,62005,25
2026.07.29,20:13,62010,62035,62010,62015,22
2026.07.29,20:14,62020,62050,62015,62050,27
2026.07.29,20:15,62055,62055,62015,62020,27
2026.07.29,20:16,62015,62025,62005,62020,33
2026.07.29,20:17,62010,62055,62000,62040,26
2026.07.29,20:18,62045,62070,62025,62035,43
2026.07.29,20:19,62040,62045,62025,62025,33
2026.07.29,20:20,62025,62070,62025,62065,42
2026.07.29,20:21,62055,62120,62055,62115,27
2026.07.29,20:22,62120,62120,62075,62080,34
2026.07.29,20:23,62085,62100,62060,62070,35
2026.07.29,20:24,62070,62070,62010,62010,32
2026.07.29,20:25,62005,62005,61985,61995,23
2026.07.29,20:26,61990,62010,61980,62010,27
2026.07.29,20:27,62025,62025,61995,61995,15
2026.07.29,20:28,61995,62000,61980,61980,16
2026.07.29,20:29,61970,61970,61945,61950,15
2026.07.29,20:30,61945,61960,61920,61920,34
2026.07.29,20:31,61915,61960,61915,61960,31
2026.07.29,20:32,61960,61980,61950,61980,31
2026.07.29,20:33,61980,62030,61980,62025,25
2026.07.29,20:34,62030,62030,61965,61970,24
2026.07.29,20:35,61985,61995,61940,61950,22
2026.07.29,20:36,61955,61955,61925,61925,36
2026.07.29,20:37,61915,61950,61910,61940,25
2026.07.29,20:38,61935,61955,61935,61950,22
2026.07.29,20:39,61950,61970,61945,61965,24
2026.07.29,20:40,61960,61970,61950,61955,43
2026.07.29,20:41,61955,61970,61945,61955,58
2026.07.29,20:42,61960,61975,61935,61940,60
2026.07.29,20:43,61940,61980,61920,61975,46
2026.07.29,20:44,61980,61980,61955,61965,40
2026.07.29,20:45,61970,61975,61940,61945,50
2026.07.29,20:46,61945,61960,61925,61955,44
2026.07.29,20:47,61960,61960,61920,61955,34
2026.07.29,20:48,61965,61990,61960,61985,41
2026.07.29,20:49,61990,61995,61965,61995,39
2026.07.29,20:50,61995,62020,61995,62015,47
2026.07.29,20:51,62015,62045,62010,62045,37
2026.07.29,20:52,62040,62060,62025,62025,27
2026.07.29,20:53,62030,62060,62025,62055,34
2026.07.29,20:54,62065,62070,62040,62045,37
2026.07.29,20:55,62045,62055,62015,62030,32
2026.07.29,20:56,62035,62035,62005,62015,37
2026.07.29,20:57,62010,62015,61995,61995,27
2026.07.29,20:58,61990,62010,61970,62005,33
2026.07.29,20:59,62010,62070,62000,62055,35
2026.07.29,21:00,62030,62485,62005,62390,115
2026.07.29,21:01,62400,62520,62295,62485,97
2026.07.29,21:02,62485,62485,62355,62385,86
2026.07.29,21:03,62410,62475,62385,62410,82
2026.07.29,21:04,62440,62440,62335,62380,63
2026.07.29,21:05,62385,62450,62340,62420,89
2026.07.29,21:06,62415,62510,62415,62450,65
2026.07.29,21:07,62460,62470,62430,62435,74
2026.07.29,21:08,62430,62450,62390,62415,62
2026.07.29,21:09,62405,62425,62375,62410,51
2026.07.29,21:10,62435,62470,62380,62410,52
2026.07.29,21:11,62415,62475,62410,62465,72
2026.07.29,21:12,62460,62460,62415,62415,78
2026.07.29,21:13,62420,62435,62360,62390,58
2026.07.29,21:14,62390,62400,62320,62370,83
2026.07.29,21:15,62375,62450,62375,62400,83
2026.07.29,21:16,62400,62435,62370,62370,63
2026.07.29,21:17,62370,62370,62265,62310,80
2026.07.29,21:18,62320,62320,62255,62280,83
2026.07.29,21:19,62275,62275,62215,62250,75
2026.07.29,21:20,62260,62270,62190,62225,83
2026.07.29,21:21,62225,62260,62190,62225,98
2026.07.29,21:22,62215,62255,62190,62245,63
2026.07.29,21:23,62255,62280,62200,62205,69
2026.07.29,21:24,62210,62275,62210,62245,67
2026.07.29,21:25,62240,62245,62170,62200,73
2026.07.29,21:26,62205,62245,62185,62210,71
2026.07.29,21:27,62215,62220,62175,62200,62
2026.07.29,21:28,62195,62250,62180,62210,82
2026.07.29,21:29,62205,62280,62200,62280,80
2026.07.29,21:30,62275,62345,62275,62330,112
2026.07.29,21:31,62335,62380,62220,62220,134
2026.07.29,21:32,62220,62245,62125,62235,136
2026.07.29,21:33,62240,62310,62180,62285,130
2026.07.29,21:34,62290,62300,62245,62285,95
2026.07.29,21:35,62285,62290,62200,62235,99
2026.07.29,21:36,62230,62335,62220,62335,97
2026.07.29,21:37,62335,62435,62335,62415,99
2026.07.29,21:38,62420,62565,62410,62505,110
2026.07.29,21:39,62500,62605,62475,62560,100
2026.07.29,21:40,62560,62660,62550,62635,102
2026.07.29,21:41,62645,62770,62645,62715,116
2026.07.29,21:42,62705,62725,62605,62710,115
2026.07.29,21:43,62705,62785,62680,62780,109
2026.07.29,21:44,62775,62860,62760,62815,94
2026.07.29,21:45,62815,62855,62785,62820,103
2026.07.29,21:46,62830,62870,62815,62840,91
2026.07.29,21:47,62845,62940,62835,62885,96
2026.07.29,21:48,62875,62895,62820,62850,114
2026.07.29,21:49,62845,62950,62840,62930,85
2026.07.29,21:50,62925,62935,62865,62920,93
2026.07.29,21:51,62920,62925,62845,62885,97
2026.07.29,21:52,62895,62915,62875,62905,79
2026.07.29,21:53,62910,62990,62910,62950,70
2026.07.29,21:54,62955,62980,62935,62975,81
2026.07.29,21:55,62975,62990,62925,62935,83
2026.07.29,21:56,62930,62960,62920,62930,92
2026.07.29,21:57,62930,62930,62860,62920,96
2026.07.29,21:58,62930,62985,62915,62965,74
2026.07.29,21:59,62965,62980,62930,62980,78
2026.07.29,22:00,62975,63005,62910,62920,93
2026.07.29,22:01,62925,63040,62895,63040,95
2026.07.29,22:02,63040,63065,62985,62995,98
2026.07.29,22:03,62990,62990,62860,62875,92
2026.07.29,22:04,62875,62875,62795,62825,90
2026.07.29,22:05,62825,62845,62765,62770,54
2026.07.29,22:06,62770,62780,62730,62750,59
2026.07.29,22:07,62750,62760,62675,62675,54
2026.07.29,22:08,62675,62695,62575,62610,82
2026.07.29,22:09,62620,62620,62550,62560,83
2026.07.29,22:10,62555,62575,62505,62545,98
2026.07.29,22:11,62550,62670,62550,62655,103
2026.07.29,22:12,62655,62685,62590,62635,97
2026.07.29,22:13,62640,62665,62615,62640,84
2026.07.29,22:14,62630,62670,62625,62655,98
2026.07.29,22:15,62660,62725,62620,62725,96
2026.07.29,22:16,62725,62740,62595,62625,97
2026.07.29,22:17,62625,62625,62540,62540,81
2026.07.29,22:18,62535,62535,62465,62515,87
2026.07.29,22:19,62505,62510,62455,62490,89
2026.07.29,22:20,62500,62500,62385,62390,95
2026.07.29,22:21,62395,62395,62280,62325,117
2026.07.29,22:22,62325,62340,62220,62280,122
2026.07.29,22:23,62275,62305,62235,62265,104
2026.07.29,22:24,62265,62330,62240,62265,87
2026.07.29,22:25,62270,62315,62220,62225,95
2026.07.29,22:26,62230,62230,62175,62215,97
2026.07.29,22:27,62225,62235,62155,62215,109
2026.07.29,22:28,62220,62265,62195,62230,95
2026.07.29,22:29,62235,62255,62195,62230,94
2026.07.29,22:30,62235,62315,62215,62300,117
2026.07.29,22:31,62295,62325,62235,62300,102
2026.07.29,22:32,62295,62300,62155,62195,88
2026.07.29,22:33,62200,62205,62035,62040,97
2026.07.29,22:34,62045,62085,61990,62085,115
2026.07.29,22:35,62085,62100,62015,62055,84
2026.07.29,22:36,62070,62145,62040,62140,112
2026.07.29,22:37,62135,62155,62050,62050,108
2026.07.29,22:38,62055,62055,61885,61885,97
2026.07.29,22:39,61890,61890,61800,61805,109
2026.07.29,22:40,61805,61810,61715,61810,115
2026.07.29,22:41,61810,61870,61765,61815,108
2026.07.29,22:42,61815,61850,61785,61800,107
2026.07.29,22:43,61800,61800,61695,61760,116
2026.07.29,22:44,61760,61760,61665,61715,94
2026.07.29,22:45,61715,61735,61650,61665,116
2026.07.29,22:46,61660,61705,61605,61615,91
2026.07.29,22:47,61610,61630,61510,61560,109
2026.07.29,22:48,61565,61635,61560,61635,101
2026.07.29,22:49,61640,61725,61610,61705,103
2026.07.29,22:50,61710,61710,61545,61575,122
2026.07.29,22:51,61580,61580,61515,61570,70
2026.07.29,22:52,61565,61570,61490,61535,62
2026.07.29,22:53,61530,61545,61480,61485,53
2026.07.29,22:54,61485,61525,61455,61465,60
2026.07.29,22:55,61470,61470,61385,61415,56
2026.07.29,22:56,61415,61425,61350,61350,30
2026.07.29,22:57,61355,61360,61330,61360,28
2026.07.29,22:58,61355,61365,61315,61315,44
2026.07.29,22:59,61320,61365,61260,61345,56
2026.07.29,23:00,61335,61350,61210,61295,76
2026.07.29,23:01,61305,61365,61200,61205,113
2026.07.29,23:02,61205,61255,61190,61230,85
2026.07.29,23:03,61235,61290,61190,61190,67
2026.07.29,23:04,61190,61205,61095,61190,76
2026.07.29,23:05,61210,61290,61175,61245,90
2026.07.29,23:06,61245,61410,61215,61335,86
2026.07.29,23:07,61320,61345,61270,61300,66
2026.07.29,23:08,61285,61290,61190,61225,56
2026.07.29,23:09,61225,61225,61085,61085,58
2026.07.29,23:10,61090,61130,61045,61060,64
2026.07.29,23:11,61075,61140,61040,61115,77
2026.07.29,23:12,61120,61195,61090,61190,66
2026.07.29,23:13,61180,61265,61165,61165,64
2026.07.29,23:14,61160,61160,61130,61150,27
2026.07.29,23:15,61150,61150,61095,61145,43
2026.07.29,23:16,61145,61210,61145,61195,33
2026.07.29,23:17,61195,61215,61155,61165,32
2026.07.29,23:18,61160,61160,61100,61135,42
2026.07.29,23:19,61140,61160,61135,61150,45
2026.07.29,23:20,61145,61175,61135,61145,46
2026.07.29,23:21,61145,61190,61135,61190,38
2026.07.29,23:22,61190,61190,61135,61145,28
2026.07.29,23:23,61145,61190,61135,61170,45
2026.07.29,23:24,61180,61180,61125,61125,35
2026.07.29,23:25,61130,61145,61100,61100,41
2026.07.29,23:26,61100,61100,61030,61030,41
2026.07.29,23:27,61025,61025,60955,60960,43
2026.07.29,23:28,60970,60980,60950,60960,51
2026.07.29,23:29,60990,61020,60985,60985,27
2026.07.29,23:30,60980,60980,60895,60915,52
2026.07.29,23:31,60920,60955,60915,60920,33
2026.07.29,23:32,60915,61005,60915,61000,40
2026.07.29,23:33,60995,61015,60970,60975,46
2026.07.29,23:34,61000,61045,60975,61030,36
2026.07.29,23:35,61035,61085,61030,61030,36
2026.07.29,23:36,61035,61100,61025,61090,27
2026.07.29,23:37,61090,61135,61090,61135,22
2026.07.29,23:38,61170,61220,61170,61210,40
2026.07.29,23:39,61225,61240,61210,61230,36
2026.07.29,23:40,61230,61250,61225,61225,35
2026.07.29,23:41,61230,61230,61170,61200,35
2026.07.29,23:42,61200,61205,61150,61165,39
2026.07.29,23:43,61165,61205,61150,61205,36
2026.07.29,23:44,61210,61210,61155,61170,32
2026.07.29,23:45,61180,61200,61140,61170,43
2026.07.29,23:46,61165,61170,61125,61140,23
2026.07.29,23:47,61135,61155,61115,61155,27
2026.07.29,23:48,61155,61180,61085,61085,34
2026.07.29,23:49,61090,61090,60995,60995,39
2026.07.29,23:50,60990,61010,60980,61010,34
2026.07.29,23:51,61005,61035,60995,61015,49
2026.07.29,23:52,61020,61035,61010,61030,27
2026.07.29,23:53,61035,61035,61010,61010,22
2026.07.29,23:54,61015,61035,61000,61005,21
2026.07.29,23:55,61015,61065,61015,61030,22
2026.07.29,23:56,61040,61050,61030,61045,8
2026.07.29,23:57,61030,61045,61010,61020,15
2026.07.29,23:58,61015,61015,61010,61010,8
2026.07.29,23:59,61015,61045,61015,61030,25
2026.07.30,00:00,61035,61065,61010,61015,10
2026.07.30,00:02,61020,61020,61020,61020,1
2026.07.30,00:08,61015,61015,61015,61015,1
2026.07.30,02:30,61640,61685,61640,61675,16
2026.07.30,02:31,61700,61725,61680,61725,26
2026.07.30,02:32,61710,61740,61705,61720,19
2026.07.30,02:33,61720,61730,61705,61710,10
2026.07.30,02:34,61695,61695,61675,61680,9
2026.07.30,02:35,61675,61685,61660,61685,13
2026.07.30,02:36,61685,61695,61675,61695,18
2026.07.30,02:37,61700,61710,61695,61705,13
2026.07.30,02:38,61705,61795,61705,61795,37
2026.07.30,02:39,61795,61830,61785,61820,15
2026.07.30,02:40,61815,61845,61805,61830,30
2026.07.30,02:41,61820,61830,61775,61800,25
2026.07.30,02:42,61805,61895,61795,61880,37
2026.07.30,02:43,61885,61890,61850,61880,30
2026.07.30,02:44,61885,62035,61885,61955,62
2026.07.30,02:45,61945,62055,61780,62055,90
2026.07.30,02:46,62055,62175,61995,62075,123
2026.07.30,02:47,62070,62085,61950,62010,110
2026.07.30,02:48,62020,62030,61875,61885,113
2026.07.30,02:49,61910,61925,61740,61755,116
2026.07.30,02:50,61750,61790,61700,61700,109
2026.07.30,02:51,61695,61760,61525,61545,138
2026.07.30,02:52,61540,61570,61490,61555,102
2026.07.30,02:53,61565,61660,61430,61430,123
2026.07.30,02:54,61420,61640,61335,61635,124
2026.07.30,02:55,61630,61750,61630,61730,121
2026.07.30,02:56,61735,61790,61650,61720,112
2026.07.30,02:57,61710,61765,61670,61720,112
2026.07.30,02:58,61720,61755,61655,61690,118
2026.07.30,02:59,61685,61685,61505,61505,129
2026.07.30,03:00,61510,61785,61505,61695,189
2026.07.30,03:01,61685,61700,61420,61480,174
2026.07.30,03:02,61490,61560,61340,61435,167
2026.07.30,03:03,61440,61490,61300,61375,152
2026.07.30,03:04,61390,61475,61320,61465,154
2026.07.30,03:05,61455,61555,61390,61535,160
2026.07.30,03:06,61545,61735,61535,61685,166
2026.07.30,03:07,61680,61795,61660,61700,153
2026.07.30,03:08,61705,61835,61695,61720,157
2026.07.30,03:09,61710,61880,61680,61875,162
2026.07.30,03:10,61870,62040,61830,62040,147
2026.07.30,03:11,62045,62120,61910,61910,160
2026.07.30,03:12,61915,61970,61780,61890,168
2026.07.30,03:13,61860,62010,61860,61945,162
2026.07.30,03:14,61940,61975,61805,61810,147
2026.07.30,03:15,61800,62010,61710,61965,176
2026.07.30,03:16,61970,62040,61890,61905,160
2026.07.30,03:17,61910,62095,61890,62050,147
2026.07.30,03:18,62055,62185,61990,62075,169
2026.07.30,03:19,62080,62180,62055,62070,160
2026.07.30,03:20,62075,62150,62055,62075,151
2026.07.30,03:21,62070,62160,62010,62155,163
2026.07.30,03:22,62165,62300,62145,62300,159
2026.07.30,03:23,62290,62310,62220,62280,158
2026.07.30,03:24,62275,62355,62220,62355,159
2026.07.30,03:25,62335,62480,62320,62435,141
2026.07.30,03:26,62435,62545,62425,62460,148
2026.07.30,03:27,62455,62480,62380,62445,150
2026.07.30,03:28,62440,62505,62430,62470,143
2026.07.30,03:29,62465,62535,62440,62530,137
2026.07.30,03:30,62535,62560,62435,62495,143
2026.07.30,03:31,62495,62495,62345,62370,153
2026.07.30,03:32,62360,62410,62295,62310,135
2026.07.30,03:33,62305,62410,62270,62400,130
2026.07.30,03:34,62395,62395,62255,62275,137
2026.07.30,03:35,62265,62305,62195,62260,135
2026.07.30,03:36,62255,62255,62075,62160,135
2026.07.30,03:37,62155,62190,61980,62040,141
2026.07.30,03:38,62050,62090,61995,62090,119
2026.07.30,03:39,62080,62090,61920,61965,150
2026.07.30,03:40,61960,62005,61885,61900,147
2026.07.30,03:41,61895,61905,61725,61730,131
2026.07.30,03:42,61725,61770,61680,61680,141
2026.07.30,03:43,61690,61700,61590,61650,127
2026.07.30,03:44,61645,61710,61585,61710,137
2026.07.30,03:45,61715,61900,61710,61845,142
2026.07.30,03:46,61855,61930,61755,61900,163
2026.07.30,03:47,61905,62005,61840,61970,140
2026.07.30,03:48,61975,62160,61970,62130,134
2026.07.30,03:49,62135,62220,62095,62130,131
2026.07.30,03:50,62140,62170,61960,62015,155
2026.07.30,03:51,62010,62110,62005,62060,148
2026.07.30,03:52,62065,62125,61990,62075,153
2026.07.30,03:53,62090,62175,62045,62155,128
2026.07.30,03:54,62165,62240,62150,62225,130
2026.07.30,03:55,62215,62320,62185,62185,111
2026.07.30,03:56,62190,62245,62155,62190,126
2026.07.30,03:57,62185,62255,62140,62225,136
2026.07.30,03:58,62220,62320,62200,62280,126
2026.07.30,03:59,62275,62350,62275,62340,104
2026.07.30,04:00,62345,62420,62305,62325,133
2026.07.30,04:01,62320,62420,62315,62390,134
2026.07.30,04:02,62385,62425,62340,62345,144
2026.07.30,04:03,62340,62470,62340,62460,132
2026.07.30,04:04,62455,62585,62455,62585,115
2026.07.30,04:05,62590,62740,62585,62700,133
2026.07.30,04:06,62695,62825,62690,62825,103
2026.07.30,04:07,62825,62865,62730,62740,131
2026.07.30,04:08,62735,62845,62685,62810,127
2026.07.30,04:09,62805,62875,62655,62655,137
2026.07.30,04:10,62660,62665,62550,62640,149
2026.07.30,04:11,62645,62650,62525,62565,148
2026.07.30,04:12,62580,62615,62495,62500,136
2026.07.30,04:13,62495,62550,62435,62540,115
2026.07.30,04:14,62545,62550,62430,62465,132
2026.07.30,04:15,62475,62495,62375,62405,141
2026.07.30,04:16,62410,62475,62355,62425,139
2026.07.30,04:17,62435,62525,62405,62500,134
2026.07.30,04:18,62495,62510,62390,62470,130
2026.07.30,04:19,62480,62580,62455,62530,128
2026.07.30,04:20,62530,62580,62410,62430,125
2026.07.30,04:21,62440,62510,62365,62370,144
2026.07.30,04:22,62375,62440,62375,62410,128
2026.07.30,04:23,62405,62520,62405,62495,135
2026.07.30,04:24,62490,62570,62460,62545,125
2026.07.30,04:25,62545,62615,62545,62585,118
2026.07.30,04:26,62590,62635,62545,62580,119
2026.07.30,04:27,62570,62670,62540,62665,104
2026.07.30,04:28,62665,62675,62615,62650,103
2026.07.30,04:29,62660,62710,62615,62675,113
2026.07.30,04:30,62680,62780,62660,62745,101
2026.07.30,04:31,62755,62840,62730,62835,102
2026.07.30,04:32,62830,62845,62785,62830,104
2026.07.30,04:33,62830,62855,62795,62795,95
2026.07.30,04:34,62795,62830,62770,62825,109
2026.07.30,04:35,62810,62900,62780,62880,104
2026.07.30,04:36,62875,62885,62820,62820,113
2026.07.30,04:37,62825,62860,62780,62785,111
2026.07.30,04:38,62790,62895,62780,62865,99
2026.07.30,04:39,62865,62910,62855,62880,96
2026.07.30,04:40,62885,62950,62880,62945,99
2026.07.30,04:41,62945,62965,62910,62945,103
2026.07.30,04:42,62950,62980,62915,62965,91
2026.07.30,04:43,62965,62975,62915,62930,100
2026.07.30,04:44,62935,62950,62895,62935,90
2026.07.30,04:45,62945,62955,62800,62850,125
2026.07.30,04:46,62855,62905,62790,62800,130
2026.07.30,04:47,62795,62895,62785,62880,108
2026.07.30,04:48,62885,62915,62860,62875,88
2026.07.30,04:49,62870,62900,62825,62900,109
2026.07.30,04:50,62905,62910,62780,62845,108
2026.07.30,04:51,62850,62960,62845,62850,103
2026.07.30,04:52,62840,62860,62815,62820,110
2026.07.30,04:53,62815,62830,62770,62810,105
2026.07.30,04:54,62810,62880,62800,62835,104
2026.07.30,04:55,62835,62890,62790,62850,114
2026.07.30,04:56,62855,62855,62800,62830,115
2026.07.30,04:57,62835,62845,62725,62760,128
2026.07.30,04:58,62755,62770,62705,62720,108
2026.07.30,04:59,62725,62755,62685,62710,110
2026.07.30,05:00,62700,62850,62700,62845,136
2026.07.30,05:01,62850,62880,62770,62775,122
2026.07.30,05:02,62770,62830,62760,62780,118
2026.07.30,05:03,62775,62800,62645,62660,130
2026.07.30,05:04,62665,62665,62585,62615,109
2026.07.30,05:05,62620,62625,62550,62585,118
2026.07.30,05:06,62580,62595,62510,62570,108
2026.07.30,05:07,62575,62600,62515,62570,102
2026.07.30,05:08,62575,62600,62525,62600,110
2026.07.30,05:09,62610,62610,62515,62555,104
2026.07.30,05:10,62550,62560,62455,62535,94
2026.07.30,05:11,62530,62540,62485,62510,100
2026.07.30,05:12,62510,62560,62505,62545,110
2026.07.30,05:13,62540,62580,62440,62445,106
2026.07.30,05:14,62455,62455,62365,62405,88
2026.07.30,05:15,62410,62410,62330,62410,91
2026.07.30,05:16,62400,62440,62370,62385,107
2026.07.30,05:17,62395,62425,62375,62395,87
2026.07.30,05:18,62390,62410,62325,62385,111
2026.07.30,05:19,62380,62390,62300,62300,103
2026.07.30,05:20,62310,62455,62290,62425,105
2026.07.30,05:21,62420,62435,62375,62410,97
2026.07.30,05:22,62405,62455,62315,62340,110
2026.07.30,05:23,62345,62365,62325,62365,110
2026.07.30,05:24,62375,62390,62350,62360,104
2026.07.30,05:25,62360,62390,62260,62265,101
2026.07.30,05:26,62260,62290,62235,62250,84
2026.07.30,05:27,62250,62275,62230,62275,90
2026.07.30,05:28,62270,62330,62245,62280,97
2026.07.30,05:29,62285,62295,62235,62275,84
2026.07.30,05:30,62270,62270,62170,62215,95
2026.07.30,05:31,62210,62230,62190,62205,71
2026.07.30,05:32,62200,62245,62170,62245,81
2026.07.30,05:33,62240,62260,62175,62190,101
2026.07.30,05:34,62195,62200,62145,62155,94
2026.07.30,05:35,62155,62155,62090,62100,64
2026.07.30,05:36,62095,62135,62085,62125,90
2026.07.30,05:37,62135,62150,62090,62115,77
2026.07.30,05:38,62120,62140,62095,62120,88
2026.07.30,05:39,62115,62135,62095,62120,77
2026.07.30,05:40,62125,62160,62105,62160,77
2026.07.30,05:41,62160,62210,62110,62125,107
2026.07.30,05:42,62130,62155,62090,62155,86
2026.07.30,05:43,62160,62255,62150,62255,84
2026.07.30,05:44,62250,62305,62245,62305,73
2026.07.30,05:45,62300,62305,62215,62230,90
2026.07.30,05:46,62220,62290,62210,62285,86
2026.07.30,05:47,62280,62305,62245,62300,69
2026.07.30,05:48,62295,62360,62295,62315,77
2026.07.30,05:49,62310,62315,62200,62255,85
2026.07.30,05:50,62255,62255,62200,62220,77
2026.07.30,05:51,62225,62325,62225,62245,73
2026.07.30,05:52,62250,62250,62175,62185,86
2026.07.30,05:53,62180,62215,62165,62210,82
2026.07.30,05:54,62215,62240,62155,62205,73
2026.07.30,05:55,62205,62235,62205,62205,68
2026.07.30,05:56,62210,62210,62100,62105,80
2026.07.30,05:57,62110,62110,62030,62030,67
2026.07.30,05:58,62035,62035,61960,61980,78
2026.07.30,05:59,61975,62000,61955,61980,76
2026.07.30,06:00,61985,61995,61955,61970,85
2026.07.30,06:01,61975,62050,61970,62050,85
2026.07.30,06:02,62055,62145,62055,62115,101
2026.07.30,06:03,62120,62120,62055,62065,98
2026.07.30,06:04,62065,62095,62035,62095,84
2026.07.30,06:05,62090,62095,62055,62075,58
